Rank,Word,Pronunciation,PoS,Definition
774,abdominal,/?b?d?m.?.nl/,adj,???????concerned with the abdomen or stomach
458,absorb,/?bz?rb/,verb,???????to take in water
435,absorption,/?b?s?rp.??n/,noun,"???????a process of taking a liquid, gas or substance into another substance"
502,accelerate,/?k?s?l.??re?t/,verb,???????to increase the speed or rate of something
470,acceleration,/?k.?s?l.?.??e?.??n/,noun,???????an increase in rate of change
484,accent,/?ks?nt/,noun,???????a way of saying words that shows your dialect or class
427,accumulate,/?kyumy?l?e?t/,verb,???????to gather or acquire something so that you have more of it
389,accumulation,/??kju.mj??le?.??n/,noun,???????the gathering of something over a period of time
136,accuracy,/?ky??si/,noun,???????correctness or precision
506,accurately,/??k.j?r.?t.li/,adv,???????correctly; exactly and without any mistakes
21,acid,/??s.?d/,noun,"???????a substance that tastes sour, reacts with metals and carbonates, and turns blue litmus red. e.g. lemon juice"
855,acidic,/??s?d.?k/,adj,???????containing acid
124,activate,/?kt?v?e?t/,verb,???????to make something to start working
580,actively,/?kt?vli/,adv,???????engaged in an activity in order to achieve a specific goal
200,acute,/??kjut/,adj,"???????very serious or severe; in maths, an angle < 90 degrees"
138,adaptation,/??d.?p?te?.??n/,noun,???????the process of changing
349,adaptive,/??d?p.t?v/,adj,???????able to adjust and meet the needs of new conditions
329,adjacent,/?d?e?s?nt/,adj,"???????being close or near to a border, wall, or point"
488,admission,/?d?m??.?n/,noun,???????the act of taking responsibility for an error or mistake
125,adolescent,/??d.l??s.?nt/,noun,???????12-18 years old
448,adverse,/?d.v?s/,adj,???????negative or harmful
933,aerosol,/???.??s?l/,noun,???????a container that has liquid under pressure and releases the liquid in a spray
353,aesthetic,/?s?¦È?t.?k/,adj,???????concerning the sense of artistic beauty
754,affirm,/??f?rm/,verb,???????to strengthen or support a belief that is already held
756,afterward,/?ft?w?d/,adv,???????happening after something else happened
205,aggregate,/??g.r?.g?t/,noun,???????total amount
355,agriculture,/??.¨À???k?l.t??/,noun,???????the science of farming
893,airplane,/???r?ple?n/,noun,???????a machine that flies through the air
284,algebra,/??l.d??.br?/,noun,???????a type of mathematics that uses letters and symbols in place of numbers
32,algorithm,/??l.g??r?e.?m/,noun,???????a logical rule or procedure that guarantees solving a problem
713,alien,/?e?.li.?n/,noun,???????a person or creature from a planet other than Earth
518,alliance,/??la?.?ns/,noun,???????being joined or associated
557,allocate,/?l?k?e?t/,verb,???????to distribute according to a plan
410,allocation,/??l.??ke?.??n/,noun,"???????an amount of money, space, etc. that is given to somebody for a particular purpose"
787,altitude,/??l.t??tud/,noun,???????the height of something above sea level
814,aluminum,/??lu.m?.n?m/,noun,???????a very light silvery-white metal used to make cans and pans
299,amino,/??mi.no?/,noun,???????a substance that combines to form the structure of proteins
431,amongst,/??m??st/,prep,???????in or through a group
137,amplitude,/??m.pl??tud/,noun,"???????the breadth, width or largeness of something; in electronics: the maximum deviation of an alternating current from its average value."
447,analogy,/??n?l.?.d?i/,noun,???????comparing two similar things
607,ancestor,/??n.s?s.t?/,noun,???????a person from your family that lived in the past
638,anthropology,/??n.¦Èr??p?l.?.d?i/,noun,???????the study of human origins and the development of society
732,anti,/?n.t?/,prefix,???????a prefix meaning 'against' or 'opposed'
639,antibiotic,/??n.t?.ba???t.?k/,adj,???????concerning medicine that is used to fight certain diseases
62,antibody,/??n.t??b?d.i/,noun,???????a defense provided by the body against disease
758,antiquity,/?n?t?k.w?.ti/,noun,???????an ancient period; something made a long time ago
286,appendix,/?p?nd?ks/,noun,???????a short tube joined to the intestine; extra information at the end of a book
950,applause,/??pl?z/,noun,???????the sound made by clapping and cheering a performance or speech
781,apple,/?p?l/,noun,???????a hard round red or green fruit with a white center
270,approximate,/?pr¨»ks?m?t/,adj,???????about; not exact but close
117,approximation,/??pr?k.s??me?.??n/,noun,"???????almost, but not exactly; more or less"
180,arbitrary,/?¨»r.b??tr?r.i/,adj,???????unsupported
241,archaeology,/?¨»r.ki??l.?.d?i/,noun,"???????the study of ancient societies by looking at old tools, bones and buildings"
561,architect,/?¨»r.k??t?kt/,noun,???????a person who designs buildings
229,array,/??re?/,noun,???????a large group of people or things; a regular order or arrangement; in maths: a series of figures.
361,arrow,/???.??/,noun,???????a symbol to give direction; a long piece of wood shot from a bow
440,articulate,/¨»r?t?k.j??le?t/,verb,???????to express yourself easily using language
529,artifact,/?¨»r.t??f?kt/,noun,"???????an object, such as a tool or weapon that was made by humans in the past"
369,artificial,/?¨»?(?).t??f??.?l/,adj,???????something that is made by people; not natural
636,artistic,/¨»rt?st?k/,adj,???????having the sense or skill to create things well
917,artwork,/?¨»?t?w?k/,noun,???????photographs or pictures in a printed publication
5,aspect,/??s.p?kt/,noun,"???????a quality, part, or element"
314,assembly,/?s?mbli/,noun,???????a group of machine parts that fit together to form a tool or machine
290,assert,/??s?rt/,verb,???????to state firmly or confidently
375,assignment,/??sa?n.m?nt/,noun,???????work that you must do as part of a course of study or as part of your job
934,athletic,/?¦Èl?t?k/,adj,???????strong and physically capable
242,atom,/??t?m/,noun,???????the smallest unit; consisting of a nucleus (protons and neutrons) with electrons travelling around it
601,atomic,/??t?m.?k/,adj,???????concerning atoms
865,auction,/¨»k??n/,verb,???????to sell things at a public sale to the person who offers the highest price
803,audio,/??.di.o?/,adj,???????concerning sound
770,audit,/??.d?t/,verb,???????to examine carefully for accuracy
11,authority,/??¦È?r.?.ti/,noun,???????people in power; an expert whose views are accepted by most.
246,autonomy,/??t?n.?.mi/,noun,???????the power to make independent decisions
323,availability,/??ve?.l??b?l.?.ti/,noun,???????the state of being possible to use or obtain
643,axiom,/??k.si.?m/,noun,???????a statement that is accepted as true
113,axis,/??k.s?s/,noun,"???????a line about which a rotating body, such as the earth, turns."
568,backward,/?b?kw?d/,adv,???????toward what is behind you
703,bacteria,/b?kt?ri?/,noun,???????the very small creatures that sometimes cause disease in humans and animals
498,bacterial,/b?k?t??.ri.?l/,adj,???????concerning or caused by bacteria
923,bang,/b??/,verb,???????to strike something loudly or forcefully
657,bargain,/?b¨»r.g?n/,noun,???????something bought for a good price
866,barrel,/?b?r.?l/,noun,???????a round container with curved sides and flat ends
487,basin,/?be?.s?n/,noun,???????a water container that is wider than it is deep
667,bat,/b?t/,noun,???????a small animal that flies at night and looks like a mouse with large wings; an object used for hitting a ball
94,beam,/bim/,noun,???????a long piece of metal or wood; a line of light or energy
66,behavioral,/b??he?v.j?r.?l/,adj,???????concerning the way someone acts
68,bilingual,/ba??l??.gw?l/,noun,???????a person who speaks two languages
462,binary,/?ba?.n?.ri/,adj,???????having two parts
808,biodiversity,/?ba?.o?.d??v?r.s?.ti/,noun,"???????the variation in an environment, the number of different types of life found there"
822,biologist,/ba???l?d??st/,noun,???????a scientist who studies living things
249,biology,/ba?¨»l?d?i/,noun,???????the study of living things
880,bizarre,/b??z¨»r/,adj,???????odd or strange
791,blank,/bl??k/,adj,"???????something empty, not filled"
764,bleed,/?bli?d/,verb,???????to lose blood because of an injury
751,bodily,/?b¨»d?li/,adv,???????Moving someone with physical force
905,bonus,/?bo?.n?s/,noun,???????a reward
35,bound,/ba?nd/,verb,???????to go to a specified place; to jump
681,bracket,/?br?k.?t/,noun,???????a 90 degree piece of metal used to support a wall shelf
563,breakdown,/?b?e?kda?n/,noun,???????when normal activity or behaviour stops
548,broadly,/?br?d.li/,adv,"???????in a manner that includes general points, but not small details"
680,bubble,/?b?b.?l/,noun,"???????a small ball of air inside of a liquid, such as a soap bubble"
890,bucket,/?b?k.?t/,noun,???????an open container with a handle used to hold liquids
540,bulk,/b?lk/,noun,???????a big size
914,bullet,/?b?l.?t/,noun,"???????an object, usually metal, that is put in a gun and shot"
585,bundle,/?b?n.dl/,noun,???????a group of things that are tied together
313,calcium,/?k?l.si.?m/,noun,"???????a substance important for human and animal health, particularly for making bones and teeth"
83,calculation,/k??lky?le???n/,noun,???????the answer to a sum; the act of calculating
952,calculator,/?k?l.kj??le?.t?/,noun,???????a small electronic device used for calculation
261,calculus,/?k?l.kj?.l?s/,noun,???????a type of mathematics used for calculating such things as the slopes of curves
886,campus,/k?mp?s/,noun,"???????the site of an institution, such as a university campus"
710,capillary,/?k?p.??l?r.i/,noun,???????very small blood vessels
577,capitalism,/?k?p.?.tl??z.?m/,noun,???????an economic system based on private ownership of money and wealth
587,capitalist,/?k?p.?.tl.?st/,noun,???????a person who believes in an economic system based on private ownership of money and wealth
530,carrier,/?k?r.i.?/,noun,"???????a company, usually an airline, that carrys things"
379,cattle,/?k?t.l/,noun,???????cows or bulls on a farm
851,censor,/?s?ns?/,verb,"???????to remove parts of a book, film or letter for moral, religious, or political reasons"
267,characterization,/?k?r.?k.t?r.??ze?.??n/,noun,???????the way someone or something is described
906,cheat,/t?i?t/,verb,???????to break a rule to gain an advantage
931,cheer,/t??r/,verb,???????to shout praise or encouragement
642,chemistry,/k?m?stri/,noun,???????the study of the structure of substances and the way that they react with other substances
708,chemotherapy,/?ki.mo??¦È?r.?.pi/,noun,"???????the treatment of diseases, such as cancer, using chemicals"
935,chess,/t??s/,noun,"???????a game of strategy, for two players"
792,chloride,"/?kl?r.a?d, -?d/",noun,???????a chemical compound that is a mixture of chlorine and something else
102,chromosome,/?kro?.m??so?m/,noun,???????cell structures that carry the genetic material that is copied and passed to the next generation.
158,chronic,/kr¨»n?k/,adj,???????over a long time; serious
809,chunk,/t???k/,noun,???????a large part of something
841,cinema,/s?n?m?/,noun,???????a place for showing movies
938,circa,/?s?k?/,noun,???????an approximate time period
618,circulate,/s?ky?l?e?t/,verb,???????to go round continuously
420,circulation,/s?ky?l?e???n/,noun,???????the movement of blood through the body
496,civilization,/?s?v.?.la??ze?.??n/,noun,???????an organized society where technology and culture are highly developed
490,clarify,/kl?r?f?a?/,verb,???????to make something easier to understand
120,classification,/?kl?s.?.f??ke?.??n/,noun,???????objects or people put into categories with shared characteristics.
170,classify,/kl?s?f?a?/,verb,???????arrange or order by classes or categories
254,classroom,/?kl¨»?s??m/,noun,???????a room in school where you learn.
719,clay,/kle?/,noun,"???????heavy, sticky earth used to make pottery"
887,clever,/?kl?v?/,adj,???????intelligent and able to learn things quickly; smart
266,client,/?kla?.?nt/,noun,???????someone who pays for a service
556,clinic,/kl?n?k/,noun,???????a small hospital
848,clip,/kl?p/,noun,???????a metal holder used for keeping things together
403,clone,/klo?n/,verb,???????to make an exact copy of a living thing
320,closure,/klo???/,noun,???????the act of closing something
696,clue,/klu/,noun,???????a piece of information that helps explain a situation or provide a solution to a problem
39,coefficient,/?ko?.??f??.?nt/,noun,???????a number multiplied by a variable in a mathematical expression
17,cognitive,/?k?g.n?.t?v/,adj,???????the process of knowing and remembering
494,coherent,/ko??h??r.?nt/,adj,???????something logical and well-organized
179,collective,/k??l?k.t?v/,adj,???????formed by collection; (n.) an organisation
74,colonial,/k??lo?.ni.?l/,adj,???????concerning living in a colony
281,colony,/?k?l.?.ni/,noun,???????a group of people or animals of the same type; a country controlled by another country
879,comma,/?k?m.?/,noun,???????a mark that shows you when to take a break in the middle of a sentence
363,commentary,/?k?m.?n?t?r.i/,noun,"???????a discussion of a written work or event, usually to give greater explanation or opinion on it"
597,commodity,/k??m?d.?.ti/,noun,"???????something valuable, usually for sale"
134,commonly,/?k?m.?n.li/,adv,???????usually
571,communicative,/k??myu.n??ke?.t?v/,adj,???????likes to talk; open and expressive
626,communist,/?k?m.j?.n?st/,noun,???????a political system in which individual people do not own property or industries and people of all social classes are equal
185,compact,/k?m?p?kt/,adj,???????packed together; closely united; small
227,comparable,/?k?m.p?r.?.b?l/,adj,"???????similar to another thing, so that it is reasonable to compare them"
123,comparative,/k?m?p?r.?.t?v/,adj,???????similar to
600,compensate,/k¨»mp?ns?e?t/,verb,???????to give something to people who have lost something or done something for you
292,competence,/?k?m.p?.t?ns/,noun,???????the ability to do something in a satisfactory or effective way
743,competent,/?k?mp?t?nt/,adj,???????sufficiently qualified or capable of doing job
202,complement,/?k¨»mpl?m?nt/,noun,???????something needed to complete or make perfect
432,complication,/k?¨»mpl?ke???n/,noun,???????something that makes things harder to understand
769,comply,/k?mpla?/,verb,???????to act in agreement with another's wishes; to obey a rule
271,composer,/k?m?po?z??/,noun,???????a music writer
582,composite,/k?m?p?z.?t/,adj,???????made of more than one different part
275,comprehension,/?k?m.pr??h?n.??n/,noun,???????ability to understand
172,computation,/?k?m.pj??te?.??n/,noun,???????a calculation; a method of computing
417,conceive,/k?n?siv/,verb,"???????to think of, or create, something new (e.g. idea, child)"
161,conception,/k?n?s?p.??n/,noun,???????an idea or notion; the first stage in pregnancy
154,conceptual,/k?n?s?p.t?u.?l/,adj,???????characterized by concepts or the forming of concepts
251,conditional,/k?n?d??.?.n?l/,adj,???????depending on
802,conduction,/k?n?d?k.??n/,noun,"???????the transmission of heat, electricity or sound"
146,cone,/ko?n/,noun,???????a 3D shape with a circular base; a part of the eye
105,configuration,/k?n?f?g.j??re?.??n/,noun,???????a shape or outline; a method of arrangement
398,confine,/k?n?fa?n/,verb,???????to keep something or someone within a limited area so it cannot escape
742,confound,/k?n.fa?nd/,verb,"???????to confuse and greatly surprise someone, so that they are unable to explain a situation"
858,congruent,/?k??.gru.?nt/,adj,???????having the same shape and size
941,connector,/k??n?k.t?r/,noun,???????a device that joins things together
823,connotation,/?k?n.??te?.??n/,noun,???????an association; an implication
414,conscious,/?k¨»n.??s/,adj,???????able to understand what is happening around you
234,consciousness,/?k?n.??s.n?s/,noun,"???????the state of being awake, able to hear, see, and think"
366,consensus,/k?n?s?n.s?s/,noun,???????a decision that is shared by most of the members of a group
391,consent,/k?ns?nt/,verb,???????to agree or allow to do something
295,conservation,/?k¨»ns?(?)?ve???n/,noun,???????the management of land and water in ways that stop it from being damaged
537,conserve,/?k?ns??(?)v/,verb,???????to keep safe
248,consonant,/?k?n.s?.n?nt/,noun,???????a speech sound; any letter in the alphabet that is not a vowel.
469,constitution,/?k¨»n.st??tu.??n/,noun,???????a law determining the fundamental political principles of a government
296,constrain,/k?n?stre?n/,verb,???????to limit; to force someone to do something they don't want to do
593,consultation,/k?¨»ns?lte???n/,noun,???????a discussion between people to make a decision
67,consumption,/k?ns?mp??n/,noun,???????how much is spent on things; the process of eating and drinking
747,container,/k?n?te?.n?/,noun,???????an object that can be used to hold things; a big metal box
627,continent,/?k¨»n.t?.n?nt/,noun,???????one of the very large areas of land on Earth that are usually divided into several countries
219,continuity,/?k?n.tn?u.?.ti/,noun,???????a situation in which something happens or exists for a long time without stopping or changing
464,contour,/?k?n.t??r/,noun,???????the shape of the outside edge of something
620,contradict,/?k?n.tr??d?kt/,verb,"???????to disagree, to say the opposite is true"
381,contradiction,/k?¨»ntr?d?k??n/,noun,???????the act of saying that something is not true or very different
684,contradictory,/?k?n.tr??d?k.t?.ri/,adj,"???????containing information, statements, or beliefs that do not agree with one another"
252,contrary,/k¨»ntr?ri/,adj,???????different; opposite
452,controversy,/?k?n.tr??v?r.si/,noun,???????strong public disagreement about something
273,converge,/k?n?v?rd?/,verb,???????to come together
193,convergence,/k?n?v?r.d??ns/,noun,???????coming together
82,coordinate,/ko???r.dn?e?t/,verb,???????to bring order and organization to something; (n.) in maths: any of the magnitudes that serve to define the position of a point or line by reference to a fixed figure or system of lines.
532,coordination,/ko???r.dn?e?.??n/,noun,???????organizing people or things to make them work together effectively
589,cord,/k?rd/,noun,"???????a long, strong material, thicker than string but not as thick as rope; an electrical wire"
562,coronary,/?k?r.??n?r.i/,adj,???????concerning the heart
207,corpus,/?k?r.p?s/,noun,???????a body; in linguistics: a body of words
384,correction,/k??k??n/,noun,???????a change to make something right
421,correctly,/k??r?kt/,adv,???????in an accurate or correct manner
60,correlate,/?k?r.??le?t/,verb,???????to show the relationship between two items or events.
19,correlation,/?k?r.??le?.??n/,noun,???????a measure of the relationship between two variables
99,correspondence,/?k?r.??sp?n.d?ns/,noun,???????communication by writing; a similarity
617,corruption,/k??r?p.??n/,noun,"???????actions that are illegal or morally questionable, often performed by a person in a position of power"
139,cortex,/?k?r.t?ks/,noun,???????the outer part of an organ or structure
810,credibility,/?kr?d.??b?l.?.ti/,noun,???????believable or deserving trust
726,critically,/?k??t.?k.li/,adv,???????in a very serious manner
318,critique,/kr??tik/,noun,???????a review of the quality of a work
705,crude,/krud/,adj,???????basic or made without skill; rude; not refined
519,crystal,/?k??st?l/,noun,???????a solid formed by the solidification of a chemical
325,cue,/kju/,noun,???????a word or action during a stage play to tell an actor to speak
683,cure,"/kj??/,/kj?/",noun,???????a medicine or treatment that makes an ill person become healthy
492,curriculum,/k??r?k.j?.l?m/,noun,"???????a group of related courses, often in a special field of study:"
695,cyclic,/?s?k.l?k/,adj,???????a series of regular and repeated actions
510,cylinder,/?s?l.?n.d?r/,noun,"???????a shape or object with flat, circular ends and long, straight sides"
724,damp,/d?mp/,adj,???????a little wet
922,deadline,/?d?d.la?n/,noun,???????a date or time before which something must be done
413,decay,/d??ke?/,verb,???????to be slowly broken down by natural processes
895,deceive,/d??si?v/,verb,???????to make someone believe something that is not true
191,defect,/?di.f?kt/,noun,???????a problem; a fault
499,deficiency,/d??f??.?n.si/,noun,???????without something that is necessary
463,definite,/?d?f.?.n?t/,adj,"???????not likely to change, clearly decided"
894,deflection,/d??fl?k.??n/,noun,???????the action of making something move in a different direction
744,degrade,/d??gre?d/,verb,???????to treat someone without respect; to reduce in amount or strength
707,deliberately,/d??l?b???tli/,adv,"???????in a careful, considered manner"
824,delta,/?d?l.t?/,noun,???????the place a river divides before entering a larger body of water
951,demonstrator,/?d?m.?n.st?e?t.?r/,noun,???????someone who shows something (e.g. a product) and explains how it works
833,denominator,/d??n?m.??ne?.t?r/,noun,???????the bottom number in a fraction
10,denote,/d??no?t/,verb,???????be a name or symbol for something
343,dense,/d?ns/,adj,???????very thick
147,dependence,/d?p?nd?ns/,noun,???????the need of someone or something
324,depict,/d??p?kt/,verb,???????to describe someone or something
285,derivative,/d??r?v.?.t?v/,noun,???????something that has developed or been obtained from something else
957,descendant,/d??s?n.d?nt/,noun,???????someone who is related to a person or group of people who lived in the past
900,descriptor,/d??skr?p.t?r/,noun,???????a label; something that describes
795,destination,/?d?s.t??ne?.??n/,noun,???????the place one is traveling to
155,detection,/d??t?k.??n/,noun,???????the act of discovering something
34,developmental,/d??v?l.?p.m?nt/,adj,???????concerning the development or growth of a thing or person
184,deviation,/?di.vi?e?.??n/,noun,"???????not standard or normal; in statistics: the difference between one of a set of values and some fixed value, usually the mean of the set."
483,diagnose,/d?a??gno?s/,verb,"???????to determine the cause of something by examination, usually an illness"
56,diagnosis,/?da?.?g?no?.s?s/,noun,???????a decision made by an expert based on the results of an examination
218,diagnostic,/d?a??gn¨»st?k/,adj,"???????finding a problem, such as a physical or mental problem"
186,diagram,/da??gr??m/,noun,???????a drawing intended to explain how something works
280,dialect,/?da?.??l?kt/,noun,???????a way of speaking a language that is used only in a particular area or by a particular group
145,diameter,/da???m.?.t?r/,noun,???????the distance across the center of an object
663,diary,/?da?.?.?i/,noun,???????a book in which one writes what one has thought or done each day
689,dictate,/?d?k.te?t/,verb,???????to speak while another person (or computer) writes the words down
468,dictionary,/?d?k???n??i/,noun,???????a book with the meanings of many words
92,differential,/?d?f.??r?n.??l/,adj,???????difference; diversity
298,differentiate,/?d?f.??r?n.?i?e?t/,verb,???????to see or show a difference between things
319,differentiation,/?d?f.??r?n.?i?e?.??n/,noun,???????a discrimination between things as different and distinct
288,diffusion,/d??fju.??n/,noun,???????the movement of light in many directions
552,dilemma,/d??l?m.?/,noun,???????a position in which a person must make difficult choices
722,dilute,/da?.ljut/,verb,"???????to mix; to reduce in strength, concentration, quality or purity"
526,dimensional,/d??m?n.??n/,adj,???????having parts that extend in a number of directions
739,dioxide,/da???k.sa?d/,noun,???????an oxide containing two oxides per molecule
711,directive,/d????k.t?v/,noun,???????showing the way by conducting or leading
378,disability,/d?s??b?l?ti/,noun,???????a condition that limits a person's ability to do something
472,disadvantage,/?d?s?d?v?nt?d?/,noun,???????something that makes things difficult
348,discharge,/d?s?t?¨»rd?/,verb,???????to release someone or something
25,discourse,/?d?s.k?rs/,noun,"???????talk, conversation"
253,discrete,/d??skrit/,adj,???????separate; composed of distinct parts
394,discrimination,/d?sk??m??ne???n/,noun,???????the ability to recognize the difference between things; treating different groups of people unfairly
493,displacement,/d?s?ple?s.m?nt/,noun,???????the act of taking the place of something or someone else
850,dissection,/d??s?k.??n/,noun,???????the act or process of cutting something
559,dissertation,/?d?s.?r?te?.??n/,noun,???????an in-depth paper submitted for a doctorate degree
654,dissolve,/d??z¨»lv/,verb,???????to melt into a liquid so that a substance mixes with the liquid itself
3,distribution,/?d?s.tr??bju.??n/,noun,???????the way that something is spread out over a particular area or group
236,disturbance,/d??st?r.b?ns/,noun,???????a noise or something that stops you from continuing what you were doing
217,diverse,/da?.v?s/,adj,???????very different from each other
8,domain,/do??me?n/,noun,"???????a field of action, thought or influence; an area of knowledge"
409,dominance,/?d?m.?.n?ns/,noun,"???????being more powerful, successful, or important than others"
80,dominant,/?d?m.?.n?nt/,adj,???????strongest
735,domination,/?d¨»?m??ne???n/,noun,???????authority; rule; control
441,donor,/?do?.n?r/,noun,???????a person or group that gives gifts or money to help support an organization or cause
110,dose,/do?s/,noun,???????an amount of medicine to be taken at any one time
773,drain,/dre?n/,noun,"???????a pipe that removes water, or other liquids"
522,drift,/dr?ft/,verb,???????to move slowly
65,duration,/d??re?.??n/,noun,???????the length of time that something lasts
720,dye,/da?/,noun,???????a liquid that colors hair or cloth
6,dynamic,/da??n?.m?k/,adj,???????always active or changing; in physics: a force related to motion
350,ecological,/?i.k??l?d?.?.kl?/,adj,"???????concerning the environment, plants, or animals"
344,ecology,/??k?l.?.d?i/,noun,"???????the study of plants, animals, people, and their environments"
725,economically,/??.k??n¨»m.?k.li/,adv,???????in an efficient manner
565,economist,/??k¨»n.?.m?st/,noun,???????a person who studies economics
258,effectiveness,/??f?k.t?v.n?s/,noun,???????how well something works
405,elaborate,/??l?b.?r.?t/,adj,???????made or done with great care or with much detail
687,elastic,/??l?s.t?k/,adj,???????able to return to original shape or size after stretching
682,elasticity,/?.l??st?s.?.ti/,noun,???????the ability to stretch easily and then quickly return to the original shape
29,electron,/??l?k.tr?n/,noun,???????a negatively charged particle
586,elementary,/??l??m?nt??i/,adj,"???????basic, simple, or essential"
445,elevate,/?l?v?e?t/,verb,???????to make something higher
598,elevation,/??l.??ve?.??n/,noun,???????the height of a place
615,elimination,/?l?m??ne???n/,noun,???????the act or process of removing or being removed
116,elite,/??lit/,noun,???????superior; (n.) a superior group of people
199,embed,/?mb?d/,verb,???????to fix something inside something else
149,emergence,/??m?r.d??ns/,noun,???????the process of emerging/coming out
231,emission,/??m??.?n/,noun,"???????a substance, especially a gas, that goes into the air"
741,emit,/??m?t/,verb,???????to release or send something
786,emperor,/??m.p??.?/,noun,???????the man who rules an empire
49,empirical,/?m?p?r.?.k?l/,adj,???????based on observation or experiment
128,encode,/?n?ko?d/,verb,???????to change a message or information into code
693,enforcement,/?n?f?rs.m?nt/,noun,???????the act or process of making sure that rules are followed
884,enormously,/??n?r.m?s/,adv,"???????extremely, by a large amount"
211,entity,/??n.t?.ti/,noun,???????something that is real
945,entrant,/??nt??nt/,noun,???????a person who enters a contest
160,enzyme,/??n.za?m/,noun,???????a protein made by cells
649,epidemic,/??p.??d?m.?k/,adj,???????a disease affecting many people
653,epidemiology,/??p.??di.mi??l.?.d?i/,noun,???????the science of how diseases spread
206,equality,/??kw?l.?.ti/,noun,???????the idea that all people are the same
53,equilibrium,/?i.kw??l?b.ri.?m/,noun,???????a state of balance
358,equivalence,/??kw?v.?.l?ns/,noun,???????when something is equal to something else i.e. they are worth the same amount
845,erase,/?re?s/,verb,???????to remove written information or information on a computer memory
509,essence,/??s?ns/,noun,???????the most important part or quality of something
100,essentially,/??s?n??l?/,adv,"???????basically, primarily"
182,estimation,/??s.t??me?.??n/,noun,???????a rough calculation; an opinion
268,ethical,/??¦È.?.k?l/,adj,???????morally right or wrong
388,ethics,/?¦È?ks/,noun,"???????the moral principles, standards, and rules for deciding what is right and wrong"
153,evident,/?v?d?nt/,adj,"???????plain, clear"
177,evolutionary,/??v.??lu.???n?r.i/,adj,???????concerning evolution
162,ex,/?ks/,prefix,"???????a prefix meaning ""out of,"" ""from,"" or ""not"""
545,execute,/??k.s??kjut/,verb,???????to kill someone as a punishment; to finish something
465,execution,/??k.s??kju.??n/,noun,???????the act of killing a person as punishment for something
616,exit,/??k.s?t/,noun,???????a door that you go through to leave a place
578,expertise,/??k.sp?r?tiz/,noun,???????the special knowledge that an expert has on a subject
72,explicit,/?k?spl?s.?t/,adj,"???????definite, clearly stated"
152,explicitly,/?k?spl?s.?t.li/,adv,???????very clear; nothing hidden
354,exploit,/??k.spl??t/,verb,???????to use something or someone selfishly or unethically
503,exponential,/??k.spo??n?n.??l/,adj,???????a constant e raised to a power equal to a given expression: e.g. e3x is the exponential of 3x.
746,fabric,/f?br?k/,noun,???????cloth
805,facet,/?f?s.?t/,noun,???????a part of something
129,facilitate,/f?s?l?t?e?t/,verb,???????to make easier
898,factorial,/f?k?t?r.i.?l/,adj,???????concerning factors or factorials
637,faculty,/f?k?lti/,noun,???????the teachers in a school or college
655,fatigue,/f?tig/,noun,???????being very tired
178,feedback,/?fid?b?k/,noun,???????a response to a message; information about a person's behavior
328,fertility,/f?r?t?l.?.ti/,noun,???????the state of a female being able to produce young
274,fetal,/?fit.l/,adj,"???????concerning a fetus, an unborn baby"
669,fever,/?fiv?/,noun,???????a high body temperature
213,fiber,/?fa?.b?r/,noun,"???????a thin, threadlike part of an animal hair or plant tissue; an artificial thread; body cells that form muscles and nerves; a food substance"
813,fin,/f?n/,noun,"???????the flat, thin body parts of a fish that sticks out and helps guide it through water"
26,finite,/?fa?.na?t/,adj,???????having limits; lasting for a limited time
827,flesh,/fl??/,noun,???????the soft parts of the body
588,flexibility,/fl??ks?b?l?ti/,noun,???????the quality of being able to be bent or stretched
857,flip,/fl?p/,verb,???????to rotate or turn something over
33,fluid,/?flu.?d/,noun,???????a material that can easily flow. e.g. water
442,flux,/fl?ks/,noun,???????a state of flow and change
750,footnote,/?f?t?no?t/,noun,???????extra information at the bottom of a page
504,formally,/f?rm?li/,adv,???????in a formal manner
279,formulation,/?f??mj??le???n/,noun,"???????the development of a plan, system, or proposal"
763,forum,/f?r?m/,noun,???????a meeting where people can openly discuss a subject
524,fossil,/?f?s.?l/,noun,???????a plant or animal that has become rock after many thousands of years
181,fraction,/?fr?k.??n/,noun,???????a part of a whole.
645,fracture,/?fr?k.t??r/,noun,???????the result of breaking a hard material; a crack
595,freely,/?f?ili/,adv,"???????able to live, or exist, without being controlled"
697,friction,/?f??k??n?/,noun,???????the act of sliding two objects against each other
820,fringe,/fr?nd?/,noun,???????the edge of something; such as the decorative edge on a piece of clothing
676,fundamentally,/?f?n.d??m?n.tl.i/,adv,???????in a basic and important way
748,fungus,/?f??.g?s/,noun,"???????a group of plants that grow on dead materials and have no flowers, e.g. mushrooms"
294,fusion,/?fju.??n/,noun,"???????when different styles, ideas or designs combine to form something new; in physics: when atoms combine to produce nuclear energy"
788,gauge,/ge?d?/,noun,???????a tool used to measure things
334,generalization,/??en.r?.la??ze?.??n/,noun,???????reasoning from detailed facts to general principles
93,generalize,/?d??n.?r.??la?z/,verb,???????to make a common idea or conclusion from facts
702,genetically,/d??.?n?.t?k.li/,adv,"???????caused or controlled, or by genes"
608,genetics,/d???n?.t?ks/,noun,"???????the scientific study of genes, how a living things develop between generations"
828,ghost,/¨Ào?st/,noun,???????the soul or spirit of a dead person
712,globalization,/?¨Àl??.b?.la??ze?.??n/,noun,"???????the process by which businesses, cultures, and information extend into many different regions throughout the world"
740,goat,/go?t/,noun,???????a small animal related to sheep
768,goodness,/?¨À?dn?s/,noun,"???????pleasing, valuable or useful"
647,goods,/g?dz/,noun,???????personal possessions; things you can buy
209,gradient,/?gre?.di.?nt/,noun,???????a measure of how steep a road is; in science: the rate of change of something such as temperature or pressure
815,gram,/gr?m/,noun,???????a metric unit of weight
135,grammatical,/gr??m?t.?.k?l/,adj,???????concerning grammatical rules
18,graph,"/gr?f,.gr¨»f/",noun,???????a diagram that shows how variables are related.
539,grasp,/¨À??sp/,verb,???????to grip something firmly with the hands
611,gravity,/?gr?v.?.ti/,noun,???????the force that makes things fall down towards the ground
491,grid,/gr?d/,noun,???????a metal structure with bars that is used to cover a hole
624,gross,/¨À?o?s/,adj,???????total amount; extreme or unreasonable
784,gut,/g?t/,noun,"???????the parts inside: a human body, animal body or a machine"
374,habitat,/?h?b.??t?t/,noun,"???????the natural place, or type of place, where a plant or animal lives"
921,halfway,/h?fwe?/,adv,???????a middle point between two extremes
947,handout,/?h?nda?t/,noun,"???????a piece of paper with information, often given out before a presentation"
370,harvest,/?h¨»?.v?st/,noun,???????the time that you bring the crops in from the fields; (v.) to bring in crops
946,hawk,/h?k/,noun,???????a large bird that gets its food by killing smaller birds and animals
876,headquarters,/?h?d?kw?r.t?rz/,noun,???????the main office of a company or organisation
839,hedge,/h?d?/,noun,???????a fence made with small trees; avoid or try to avoid fulfilling
733,helix,/?hi.l?ks/,noun,???????a 3D spiral shape
678,hepatitis,/?h?p.??ta?.t?s/,noun,"???????a disease of the liver that causes inflammation, yellow skin and a fever"
904,herbicide,/?h?r.b??sa?d/,noun,???????a poison that kills weeds
237,hierarchy,/?ha?.??r¨»r.ki/,noun,???????a system for organizing people or things according to their importance
728,hip,/h?p/,noun,???????the upper part of the leg
583,historically,/h??st?r.?k.li,adv,???????throughout history
928,homework,/?ho?m?w?rk/,noun,???????work that a student is given to do at home
592,horizon,/h???a?.z?n/,noun,???????the line where the earth or sea meets the sky
142,horizontal,/?h?r.??z?n.tl/,adj,???????flat or level
386,hormone,/?h?r.mo?n/,noun,???????a chemical produced by the body to control some function
558,hydrogen,/?ha?.d??.d??n/,noun,"???????the lightest of all chemical elements, has no smell or color"
90,identical,/a??d?n.t?.k?l/,adj,???????the same in every way
57,identification,/??d?n.t?.f??ke?.??n/,noun,???????the state of being identified; something that identifies a person
163,ideology,/?a?.di??l.?.d?i/,noun,???????a set of beliefs by groups or individuals
666,illusion,/??l(j)u???n/,noun,"???????an image that seems real, but is not real"
282,immune,/??mjun/,adj,"???????not affected by something, such as a disease"
7,impact,/??m.p?kt/,noun,???????a striking effect or result (v.) to hit with force
276,implicit,/?m?pl?s.?t/,adj,???????not stated directly
520,importantly,/?m?po?.tnt.l?/,adv,???????in an important way
515,impulse,/??mp?ls/,noun,???????a sudden desire to do something that is not planned
130,incidence,/??n.s?.d?ns/,noun,???????the rate that something happens
691,incline,/?n?kla?n/,noun,???????a slope or surface that rises uphill
230,inclusion,/?n?klu???n/,noun,???????something or someone that is added or included
920,incredible,/???k??d?b?l/,adj,???????very hard to believe
943,incredibly,/???k??d?bli/,adv,"???????extremely, hard to believe"
807,incumbent,/?n?k?m.b?nt/,noun,???????a person who holds a particular office or position
308,independently,/??nd??p?nd?ntli/,adv,???????act in an independent manner
175,indicator,/?nd?k?e?t?/,noun,"???????an instrument that shows conditions in a machine, such as temperature, speed, pressure; in chemistry: a compound that changes color in the presence of an acid or a base"
844,indifference,/?n?d?f.??ns/,noun,???????a lack of enthusiasm or interest in things; seeming not to care
306,indigenous,/?n?d?d?.?.n?s/,adj,"???????living or growing naturally in an area, not brought from somewhere else"
312,indirect,/??nd??kt/,adj,???????having a path that is not straight or direct
659,individually,/??nd?v?d?u?li/,adv,???????in an individual manner; separately
22,induce,/?n.djus/,verb,"???????to cause, to persuade"
131,induction,/??n?d?k.??n/,noun,"???????bringing about, or causing"
798,industrialization,/?n?d?s.tri.?.l??ze?.??n/,noun,???????the process of creating and developing many businesses and factories in an area
832,industrialize,/?n?d?s.tri.??la?z/,verb,???????to develop a lot of industry
89,inequality,/??n.??kw?l.?.ti/,noun,"???????not the same; in maths: a statement that compares two quantities using <, >, =,=, or ?"
576,inevitably,/?n??v.?.t?.bli/,adv,???????happening with complete certainty
103,infect,/?n?f?kt/,verb,???????to give someone a disease
658,infectious,/?n?f?k.??s/,adj,"???????capable of causing infection, by the spreading of a bacteria or virus to others"
232,inference,/??n.f?r.?ns/,noun,???????an opinion that you form based on information you already have
579,inferior,/?n?f??.i.?/,adj,???????not as good as something else
216,infinite,/??nf?n?t/,adj,???????without an end
674,infinity,/?n?f?n?ti/,noun,???????with out end; limitless
507,influential,/??nflu?n??l/,adj,???????having the power to cause change; having influence
347,informal,/??nf?rm?l/,adj,???????a relaxed (not formal) feeling
247,inhibit,/?n?h?b.?t/,verb,???????to make it difficult for a process to start or continue in a normal way
332,inhibition,/??n.??b??.?n/,noun,???????the process whereby nerves can retard or prevent the functioning of an organ; the act of blocking or holding back
245,initiate,/??n??.i?e?t/,verb,???????to start
591,initiation,/??n??.i?e?.??n/,noun,"???????a formal entry into an organization, position or office"
564,inject,/?n?d??kt/,verb,???????to put medicine into someone with a syringe
257,injection,/?n?d??k.??n/,noun,???????a way to put (inject) a drug or another substance into your body
738,innate,/?.n??t/,adj,???????present in a person or animal from the time of birth
259,insect,/??ns?kt/,noun,"???????a small animal with 6 legs such as a bee, ant or fly."
407,insert,/??ns?t/,verb,???????to put something in something
167,instability,/??n.st??b?l.?.ti/,noun,???????not stable; changeable
831,instinct,/??n.st??kt/,noun,"???????the natural way a person or animal thinks or behaves, knowledge that is not learned"
159,integral,/?nt?gr?l/,adj,???????part of something
79,integration,/??n.t??gre?.??n/,noun,???????bringing things together into a whole
54,intensity,/?n?t?n.s?.ti/,noun,"???????great energy, strength, concentration; in physics: Intensity = Power/Unit of area"
546,intensive,/?n?t?ns?v/,adj,???????needs great effort for a short period of time
156,interact,/??n.t?r??kt/,verb,???????to talk and do things with other people
489,interestingly,/??n.t?r.?.st??/,adv,???????causing someone to feel excitement or interest
196,interface,/??n.t?r?fe?s/,noun,???????a shared boundary between two persons or systems through which information is communicated.
621,interfere,/??nt?f?r/,verb,???????to get involved in the business of others without invitation
108,intermediate,/??n.t?r?mi.di.?t/,adj,???????between
734,interrupt,/??n.t??r?pt/,verb,???????to cause something to stop happening for a time
24,interval,/??n.t?r.v?l/,noun,"???????the distance between two points, numbers or times"
599,intervene,/??n.t?r?vin/,verb,"???????to get involved, to prevent trouble"
780,interviewer,/??nt?vju?/,noun,"???????a person who asks questions, of one or more people, to obtain information"
779,invade,/?n?ve?d/,verb,???????to enter a place with an aim of taking control of it
575,invasion,/?n?ve?.??n/,noun,???????an entry into a place for the purpose of taking control
650,inversion,/?n?v?r.??n/,noun,???????a change in position of things so they become the opposite
717,invert,/?n?v?rt/,verb,???????to turn something upside down
14,ion,/?a?.?n/,noun,???????a charged atom
651,irrelevant,/??r?l?v?nt/,adj,"???????not important, not related to the topic"
662,irrigation,/??r.??ge?.??n/,noun,???????supplying lands with water using pipes or other artificial methods
757,jazz,/d??z/,noun,???????a type of American music known for its energetic beat and parts that musicians make up as they go along
835,junior,/d?uny?/,adj,???????someone lower in rank
460,justification,/?d??s.t?.f??ke?.??n/,noun,???????a reason or fact that explains why something happens or exists
671,kidney,/?k?d.ni/,noun,???????an organ in the body that cleans the blood
837,kilometer,/k?l¨»m?t?/,noun,???????a metric unit of length equal to 1000 meters
799,lab,/l?b/,noun,???????laboratory; a place to do scientific experiments
256,lateral,/?l?t.?r.?l/,adj,???????on the side; moving sideways
745,layout,/le??a?t/,noun,???????a plan or design of something
203,leaf,/li?f/,noun,???????the green part of a tree or plant
860,lecturer,/l?kt???/,noun,???????a teacher in university; a person who gives lectures
771,legend,/?l?d?.?nd/,noun,???????a story which is told and generally believed but can not be proven
500,legitimate,/l??d??t.?.m?t/,adj,???????being reasonable and sound
692,leisure,/l???/,noun,???????time when you have no work to do and can do as you want
899,lever,/?li.v?r/,noun,???????a handle that one pulls to operate a machine
44,lexical,/?l?k.s?.k?l/,adj,???????about words
816,liable,/?la?.?.b?l/,adj,???????legally responsible for something
716,lifestyle,/'la?f.sta?l/,noun,???????the type of life that you have
461,lifetime,/'la?f.ta?m/,noun,???????the time between birth and death
226,likelihood,/?la?k.li?h?d/,noun,???????the chance that something might happen
438,likewise,/'la?k.wa?z/,adj,"???????in the same way, in addition to"
630,limb,/l?m/,noun,"???????leg, arm or wing"
16,linear,/?l?n.i.?r/,adj,???????made of lines
20,linguistic,/l???gw?s.t?k/,adj,???????belonging to language
385,linguistics,/l???¨Àw?st?ks/,noun,???????the study of human languages
872,liter,/lit?/,noun,???????an amount of a liquid equivalent to one kilogram of water
425,liver,/?l?v.?r/,noun,???????a large organ in the body that helps to absorb food and clean the blood
338,locally,/lo?k?li/,adj,???????concerning the area where you are
115,locus,/?lo?.k?s/,noun,???????a place or location; in genetics: the location of a gene on a chromosome
260,logical,/?l?d?.?.k?l/,adj,???????sensible; reasonable
263,longitudinal,/?l?n.d???tud.n.l/,adj,???????going from the top to the bottom of something
283,loop,/lup/,noun,???????a round shape
869,lump,/l?mp/,noun,"???????a small hard part of something smooth, soft, or continuous"
411,lung,/l??/,noun,???????an organ used to breathe
688,machinery,/m???i.n?.ri/,noun,???????machines in general
104,magnetic,/m?g?n?t.?k/,adj,"???????having the properties of a magnet, being able to attract."
228,magnitude,/?m?¨Àn?tju?d/,noun,???????size or importance
953,mall,/m?l/,noun,???????a large shopping center with many individual stores
517,manipulate,/m??n?p.j??le?t/,verb,???????to control something or someone
444,manipulation,/m??n?p.j??le?.??n/,noun,???????the act of controlling something or someone
455,manual,/?m?n.ju.?l/,adj,???????needing the use of physical strength or work; (n.) a book of information or instructions
133,manuscript,/?m?n.j??skr?pt/,noun,"???????a document, a piece of writing"
817,marble,/?m¨»?.b?l/,noun,???????a kind of stone; metamorphosed limestone
265,marginal,/?m¨»r.d??.nl/,adj,???????very small; on the edge; not important
48,marker,/?m¨»r.k?r/,noun,???????something that is easy to recognize or identify
829,marrow,/?m?r.o?/,noun,"???????a soft, fatty tissue inside bones"
112,maternal,/m??t?r.nl/,adj,???????having to do with being a mother
225,mathematical,/?m?¦È??m?t?k?l/,adj,???????concerning mathematics
15,matrix,/?me?.tr?ks/,noun,"???????a substance, situation, or environment in which something has its origin - in math: an arrangement of numbers in rows and columns"
429,maximize,/m?ks?m?a?z/,verb,"???????to increase, or become as large or great as possible"
481,meaningful,/min??f?l/,adj,???????having importance
652,mechanic,/m??k?n.?k/,noun,???????a person who looks after machinery
377,mechanical,/m?k?n?k?l/,adj,???????using or having to do with machines
775,media,/?mi.di.?/,noun,"???????a means of communication, such as television, newspapers, and the internet"
168,mediate,/?mi.di?e?t/,verb,"???????to bring about an agreement between persons or groups, act as a helper"
41,membrane,/?m?m.bre?n/,noun,???????a thin covering of tissue
910,memorize,/m?m??a?z/,verb,???????to study something well enough that it can be retrieved from memory
867,mentor,/m?nt??r/,noun,???????an experienced or wise person who teaches or helps another person
874,mercury,/?m?r.kj?.ri/,noun,"???????a heavy, silver-white metal that is used in thermometers to measure temperature; a planet"
551,merge,/m?d?/,verb,???????to cause two or more things to become combined into one
821,messenger,/m?s?nd??/,noun,???????someone who delivers a messages
549,metabolism,/m??t?b.??l?z.?m/,noun,???????the chemical processes of the body in which food is converted to energy
423,metaphor,/?m?t.??f?r/,noun,???????a figure of speech based on analogy
210,methodology,/?m?¦È.??d?l.?.d?i/,noun,"???????a system of practices, techniques, procedures, and rules that guide a discipline."
847,micro,/?ma?.k?o?/,prefix,"???????a prefix meaning 'very small', such as microchip"
174,mid,/m?d/,adj,???????at (or near) the middle point
673,migrate,/ma?.?¨À?e?t/,verb,???????to move from place to another to live or work
224,migration,/ma??gre?.??n/,noun,???????the process by which people or animals move to another place
919,millimeter,/?m?l??mit?/,noun,???????1/1000th of a meter
400,mineral,/m?n??l/,noun,???????a substance naturally formed in the ground
140,minimal,/?m?n.?.m?l/,adj,???????the smallest possible
321,minimize,/?m?n.??ma?z/,verb,???????to make something as small as possible
801,minus,/?ma?.n?s/,prep,???????being less than zero in number
907,missile,/?m?s.a?l/,noun,"???????a weapon, usually thrown, shot or launched"
443,mobility,/mo??b?l?ti/,noun,???????the ability to move
243,modification,/m?¨»d?f?ke???n/,noun,"???????a small change to a machine, system, or plan"
888,mole,/mo?l/,noun,???????a small animal with dark fur that lives under the ground; a unit for measuring molecules
36,molecular,/m??l?k.j?.l?r/,adj,???????about or caused by combined atoms
47,molecule,/?m?l.??kjul/,noun,???????two or more atoms chemically combined
566,momentum,/mo??m?n.t?m/,noun,???????the force that gives something the ability to keep going
436,monetary,/?m?.n?.t?.r?/,adj,"???????concerning money, often referring to a country's economic system"
373,monkey,/?m??ki/,noun,"???????an animal, closely related to humans, that lives in trees"
715,monopoly,/m??n?p.?.li/,adv,???????complete control of the market for a service or product
570,morality,/m??r?l.?.ti/,noun,???????a set of ideas about the right and wrong ways of behaving
255,morphological,/m?r?f?l.?.d?i/,adj,???????the study of form and structure
188,morphology,/m?r?f?l.?.d?i/,noun,"???????the study of the forms and structures of plants, animals and words"
61,mortality,/m?r?t?l.?.ti/,noun,???????the quality or state of being human and being able to die
553,motif,/mo??tif/,noun,"???????a distinctive form, shape or figure in a design"
554,motive,/?mo?t?v/,noun,???????a reason for doing something
927,multi,/?multi/,prefix,???????a prefix meaning 'more than one'
878,multinational,/?m?l.ti?n??.?.nl/,adj,???????involving many countries
569,multiply,/?m?l.t??pla?/,verb,???????to increase greatly in number
73,mutation,/mju?te?.??n/,noun,???????a change; in genetics: any event that changes genetic structure
473,myth,/m?¦È/,noun,???????a popular belief that is false or unsupported by fact
843,naked,/?n?k?d/,adj,???????not wearing any clothes
107,namely,/?ne?m.li/,adv,"???????that is to say, specifically"
942,nasty,/?n?s.ti/,adj,"???????very bad, unpleasant, offensive"
446,nationalism,/?n???n?l?z?m/,noun,???????one's love of country and willingness to sacrifice for it
897,neat,/nit/,adj,???????not messy; clean and orderly
422,necessity,/n?s?s?ti/,noun,???????something that you must have or do
944,neo,/?ni???/,prefix,???????a prefix meaning 'recent' or 'new'
523,nest,/n?st/,noun,???????the home of a bird or spider
157,neural,/?n??r.?l/,adj,???????about the nerves or nervous system
42,neuron,/?n??r.?n/,noun,???????a nerve cell; the basic building block of the nervous system.
264,neutral,/?nju?t??l/,adj,???????not involved; without strong feeling; without electrical charge; not acidic or akaline
868,nicely,/?n??sli/,adv,???????in a nice way
752,niche,/n?t?/,noun,"???????a small area; a specialised business, job or activity"
450,nitrogen,/?na?.tr?.d??n/,noun,???????a colorless chemical element without a smell that forms most of the earth's atmosphere
699,noble,/?no?b?l/,adj,???????having personal qualities that people admire
58,node,/no?d/,noun,???????an intersection or junction point in a network; a part on a plant where a new leaf grows
875,noisy,/n??zi/,adj,???????loud sounds that cause discomfort or annoyance
406,nominal,/?n¨».m?.n?l/,adj,???????in name or thought but not reality
233,non,/n¨»n/,prefix,"???????a prefix meaning 'not', e.g. non-alcoholic"
656,nonetheless,/?n?ne??l?s/,adv,"???????in spite of that, nevertheless"
183,nonlinear,/n?n?l?n??/,adj,???????not in a line
96,norm,/n?rm/,noun,???????an established standard of performance or behavior
222,notation,/no??te?.??n/,noun,???????a set of written signs or shapes that are used in music or mathematics
883,novice,/?n?v.?s/,noun,"???????a person with little or no experience in a particular activity, skill, or subject"
77,nucleus,/?nu.kli.?s/,noun,???????control center of a cell
345,null,/n?l/,adj,???????having no impact
106,numerical,/nu?m?r.?.k?l/,adj,???????includes numbers
339,nutrient,/?nu.tri.?nt/,noun,"???????a chemical, food, that animals and plants need to live, develop, and be healthy"
480,objection,/?b?d??k??n/,noun,"???????a reason for not supporting or being in agreement with an idea, action, or plan"
619,obscure,/?b?skj??r/,adj,"???????not famous, unknown by most people; not easy to understand"
331,observer,/?b?z?v?/,noun,???????someone who sees or notices something
2,obtain,/?b?te?n/,verb,???????to get
357,occupation,/??k.j??pe?.??n/,noun,???????a career or regular job
111,occurrence,/?k??ns/,noun,"???????something that happens, an event"
418,offspring,/??f?spr??/,noun,???????the child of a person or the young of a plant or animal
78,onset,/¨»n.s?t/,noun,???????the beginning
731,onwards,/??n.w?dz/,adv,???????forward
625,optical,/??p.t?.k?l/,adj,???????concerning vision or helping people see
71,optimal,/??p.t?.m?l/,adj,???????best
668,optimum,/??p.t?.m?m/,adj,???????the best or most desirable
173,oral,/??r.?l/,adj,???????by mouth
208,organ,/???.¨À?n/,noun,???????in biology: a grouping of tissues into a structure such as a heart or kidney
148,organism,/??r.g??n?z.?m/,noun,???????a living thing
404,orient,/???.i.?nt/,verb,???????to focus your attention or efforts on something
87,orientation,/??r.i.?n?te?.??n/,noun,"???????the ability to locate oneself in one's environment with reference to time, place, and people"
514,oscillation,/??s.??le?.??n/,noun,"???????movement, from side to side at a steady speed; a frequent change in size, strength, or direction between two limits"
221,outer,/?a?t?/,adj,???????on or around something
777,outlet,/?a?t.l?t/,noun,"???????a way for something to be released; a pipe, hole or wire through which gas, liquid or electricity flows"
765,overhead,/o?v?h?d/,adj,???????above a person's head
150,overlap,/?o?.v?r?l?p/,verb,???????to cover something else
287,overview,/?o?.v?r?vju/,noun,???????a description of the main features of something
873,oxidize,/??k.s??da?z/,verb,???????to make something combine with oxygen; to rust
278,oxygen,/??ks?d??n/,noun,"???????a gas in the air that has no smell or taste, and that all animals need to breathe"
797,painful,/?pe?n.f?l/,adj,???????causing or feeling physical pain or hurt
13,par,/p¨»r/,noun,???????the usual amount
214,paradigm,/?p?r.??da?m/,noun,???????a set of ideas that are used for understanding or explaining something
670,paradox,/?p??.??d?ks/,noun,"???????a saying that seems contrary to popular belief, but which may be true"
4,parameter,/p??r?m.?.t?r/,noun,"???????a characteristic or constant factor, a limit"
859,parcel,/p¨»rs?l/,noun,"???????a package or box wrapped in paper, a thing bigger than a letter that is sent in the mail"
918,pardon,/?p¨»?.d?n/,verb,???????to excuse
326,parental,/p??r?n.tl/,adj,"???????concerning, or provided by, a parent"
698,parenthesis,/p??r?n.¦È?.s?s/,noun,"???????one of two symbols ( and ), used in writing for separating a word, phrase, or number from a sentence"
59,partial,/p¨»r??l/,adj,???????not complete; favoring one side over another
300,partially,/p¨»r??li/,adv,???????in part; in some degree; not wholly
64,particle,/?p¨»r.t?.k?l/,noun,???????a very small piece of something
244,partition,/p¨»r?t??.?n/,noun,"???????a wall, screen, or piece of glass used to separate one area from another"
81,pathway,/?p?¦È?we?/,noun,???????a route; in biochemistry: a sequence of reactions
457,peasant,/?p?z.?nt/,noun,"???????a person of low social status, usually who works on a farm"
240,periodic,/?p??r.i??d.?k/,adj,"???????happening regularly, but not frequently"
399,peripheral,/p??r?f.?r.?l/,adj,???????not connected to the main or important part of something
644,pest,/p?st/,noun,???????an unwanted insect or small animal that eats plants or food supplies
818,pesticide,/?p?s.t??sa?d/,noun,???????a chemical substance used to kill pests
877,phenomenal,/f??n?m.?.nl/,adj,"???????unusual, remarkable"
477,philosopher,/f??l?s.?.f??/,noun,???????a person who studies ideas about things such as the meaning of life and truth
302,philosophical,/?f?l??s¨»f?kl?/,adj,???????concerning philosophy
76,phonological,/?fo?n.l??d?.?.k?l/,adj,???????concerning sound
610,phosphate,/?f?s.fe?t/,noun,???????a salt or compound used to help grown plants
864,photographic,/?fo?t??¨À??f?k/,adj,???????concerning the art of making images with cameras
572,physically,/?f?z?kli/,adv,???????in a manner related to the body
171,physician,/f?z???n/,noun,???????a medical doctor
628,physics,/f?z?ks/,noun,"???????the study of heat, light, and other forms of energy and how they affect objects"
311,physiological,/?f?z.i.??l?d?.?.k?l/,adj,???????concerning how the body functions
372,pi,/pa?/,noun,???????the ratio of the circumference to the diameter of a circle; approximately equal to 3.14
782,planner,/pl?n?/,noun,"???????a person, computer program or notebook used in planning"
729,plantation,/pl?n?te???n/,noun,"???????a large farm, usually in a hot climate"
449,plausible,/pl?z?b?l/,adj,???????being reasonable and possibly true
842,plug,/pl?g/,noun,???????an electrical connector; (v.) to fill or close tightly so liquid or air cannot pass
434,plural,/?pl??r.?l/,adj,???????refers to more than one person or thing
567,polar,/?po?.l?/,adj,???????concerning the areas near the North or South poles
612,pole,/po?l/,noun,"???????a long, narrow piece of metal or wood, that is used to hold or support something"
574,politically,/p??l?t.?k.li/,adv,???????in connection with government matters
714,portfolio,/p?rtfo?li?o?/,noun,???????a list of the financial assets held by an individual or other financial institution
640,portray,/p???t?e?/,verb,"???????to represent something or someone in a particular way, often for artistic purposes"
852,portrayal,/p?r?tre?.?l/,noun,"???????the way that something or someone is represented in a book, film, picture or other context"
497,positively,/?p¨».z?.t?v.li/,adv,???????definitely or certainly
862,poster,/?po?.st?/,noun,"???????a large, printed notice or picture"
916,postgraduate,/?p??st?¨À??dju.?t/,noun,???????study done after taking a first degree
700,potassium,/p??t?s.i.?m/,noun,"???????a common, soft, silvery white metal that is usually used for farming or industrial purposes"
846,powder,/?pa?.d?(?)/,noun,???????a dry substance made up of very small pieces
356,practitioner,/pr?k?t??.?.n?r/,noun,???????a person working in a profession such as medicine
359,pragmatic,/pr?g?m?t.?k/,adj,"???????dealing with problems in a reasonable, practical manner"
303,pre,/pri/,prefix,???????a prefix meaning 'before'
84,precede,/pr??sid/,verb,???????to go before
796,precipitate,/pr??s?p.??te?t/,verb,???????to cause to happen
778,precipitation,/pr??s?p.??te?.??n/,noun,"???????rain, snow or hail"
672,predator,/?p??d.?.t?/,noun,???????an animal that feeds itself by killing and eating other animals
98,prediction,/pr??d?k.??n/,noun,???????a statement of what will happen next
513,predominantly,/pr??d?m?n?ntl?/,adv,"???????in a way that is larger, greater or has more power than others"
730,prejudice,/?pr?.d??.d?s/,noun,"???????an unreasonable hatred for a group of people, usually a race or a religion"
301,preliminary,/pr?l?m?n??ri/,adj,???????before
632,presume,/pr??zum/,verb,???????to think that something is probably true
91,prevalence,/?pr?v.?.l?ns/,noun,"???????widespread, common, general"
694,prey,/p?e?/,noun,???????an animal that is killed and eaten by another animal
538,primer,/?p??.m?/,noun,???????a book that covers the basics of a subject; a kind of paint
387,primitive,/?p??m?t?v/,adj,???????being of an early time period in the past
223,probe,/pro?b/,noun,???????a system or piece of equipment that is used to get information
383,problematic,/?pr?b.l??m?t.?k/,adj,???????being difficult to deal with or fix
767,processor,/?p?¨»?s?s?/,noun,???????a machine or company that prepares something and makes it ready for use
412,productive,/pr??d?k.t?v/,adj,???????doing a lot of work and achieving a lot
360,productivity,/?pro?.d?k?t?v.?.ti/,noun,???????the rate at which something is made or done
605,profound,/pr?.fa?nd/,adj,???????showing a lot of deep knowledge or thought
508,progression,/pr??gr??.?n/,noun,???????the act of developing or getting closer to a goal
352,progressive,/p???¨À??s?v/,adj,???????believing in modern ideas and social or political change
144,projection,/pr??d??k.??n/,noun,???????a part that sticks out; an image on a screen; a prediction
305,prominent,/pr¨»m?n?nt/,adj,???????being important or well known
478,pronounce,/p???na?ns/,verb,???????to make the sound of a word or letter with your voice
88,proposition,/?pr?p.??z??.?n/,noun,???????an idea; a suggestion
351,protocol,/?pro?.t??k?l/,noun,???????a set of rules; computers use protocol so they can exchange information
609,proton,/?pro?.t?n/,noun,???????a very small part of an atom that has a positive electrical charge
317,psychiatric,/?sa?k???tr?k/,adj,???????concerning or used in psychiatry
660,psychologist,/?sa??k¨»l.?.d??st/,noun,???????an expert who studies the mind and behavior
215,psychology,/sa??k¨»l?d?i/,noun,???????the study of the mind and how it affects behaviour
9,publish,/?p?b.l??/,verb,"???????to print in a book, journal or online"
95,pulse,/p?ls/,noun,???????beat of the heart
915,punch,/p?nt?/,verb,???????to make a quick hit with a closed hand
762,punish,/?p?n??/,verb,???????to make someone suffer for bad behavior
527,punishment,/?p?n.??.m?nt/,noun,???????the act of punishing someone
380,purely,/?pj??li/,adv,???????for no other reason; only and completely
613,puzzle,/p?z?l/,noun,???????a problem that requires thought and skill to be solved
335,qualitative,/?kw?l.??te?.t?v/,adj,"???????concerning how good something is, rather than quantity"
165,quantitative,/?kw?n.t??te?.t?v/,adj,???????the describing or measuring of quantity.
534,quantum,/?kw?n.t?m/,noun,???????the smallest unit or amount of energy
333,questionnaire,/?kw?s.t???n??/,noun,"???????a series of written questions, given to many people, in order to learn information, facts and opinions"
870,quiz,/kw?z/,noun,???????a game in which players answer questions on a specific topic
581,quotation,/kwo??te?.??n/,noun,"???????words that a person has said or written in a play, book or movie"
949,rack,/r?k/,noun,"???????a frame, stand or hook on which things are set or hung"
909,radar,/??e?.d¨»?/,noun,???????a device that sends out radio waves for finding out the position of another object
197,radiation,/?re?.di?e?.??n/,noun,"???????energy that is radiated or transmitted in the form of rays, waves or particles."
368,radius,/?re?.di.?s/,noun,???????a given area or a range around a certain point; a line from the center of a circle to its edge
573,rainfall,/re?nf??l/,noun,???????water falling from the sky
396,randomize,/?r?n.d??ma?z/,verb,???????to arrange in a random order
476,randomly,/???ndm?li/,adv,???????with no pattern or clear purpose; by chance
114,rational,/?r??.?.nl/,adj,???????sensible; based on facts
633,rationality,/?r??.??n?l.?.ti/,noun,???????being able to think clearly
536,ray,/re?/,noun,???????the lines of light coming from an object
701,reactive,/?i???kt?v/,adj,???????ready or easy to react
903,reactor,/ri??k.t?r/,noun,???????a device used to control the release of nuclear energy as a power source
330,readily,/?r?d.l.i/,adv,???????in a quick and easy manner
706,realism,/??i.?l?zm/,noun,"???????dealing with difficulties as they are, rather than as you want"
590,realistic,/?ri.??l?s.t?k/,adj,???????looks real
485,realm,/r?lm/,noun,???????the area ruled by a king or queen
30,receptor,/r??s?p.t?r/,noun,???????a device that receives information
892,recipe,/?r?s.?.pi/,noun,???????directions for making something
547,reconstruct,/?ri.k?n?str?kt/,verb,???????to rebuild something after it has been destroyed
45,regime,/r???im/,noun,???????a system of management; a form of government
55,regression,/r??gr??.?n/,noun,???????going back; in statistics: a type of correlational procedure that focuses on predicting the values of an outcome based on its correlation with another variable.
665,rehabilitation,/?ri???b?l??te???n/,noun,"???????a scheme to help someone who has been ill or in prison to return to a healthy, independent, and useful life"
340,reinforce,/r?i?nf?rs/,verb,???????to strengthen
428,rejection,/???d??k.??n/,noun,???????the act of refusing to consider or believe something
402,reliability,/ril?a??b?l?ti/,noun,???????a quality that makes someone or something dependable and deserving of trust
307,render,/?r?n.d?r/,verb,"???????to cause someone or something to behave in a particular way, or to enter into a particular condition"
1,repertoire,/?r?p.?r?tw¨»r/,noun,???????a collection of skills or accomplishments.
430,replacement,/r??ple?s.m?nt/,noun,"???????the act of putting something new in the place of something that is old, broken or missing"
376,replicate,/?r?p.l??ke?t/,verb,"???????to repeat something, such as an experiment, study or process"
486,replication,/?r?p.l??ke?.??n/,noun,???????the act of making copies
362,reproduce,/r?ipr?dus/,verb,???????to make a copy of something
408,reproduction,/??i?p???d?k??n/,noun,???????the process that produces the next generation
766,republic,/???p?b.l?k/,noun,???????a country governed by elected representatives
419,resemble,/r?z?mb?l/,verb,???????to be similar to someone or something in looks or manner
749,reservoir,/?r?z.?r?vw¨»r/,noun,"???????a lake, usually artificial, where water is collected and stored for the use of a community or industry"
293,residual,/r??z?d?.u.?l/,adj,"???????concerning the last little bit, after the rest has gone or ended"
364,residue,/?r?z.??du/,noun,???????left over after part or most is taken away
525,resistant,/???z?st?nt/,adj,???????not affected by something
614,respiratory,/?r?s.p?r.??t?r.i/,adj,???????to do with breathing
631,retrieve,/r?triv/,verb,???????to find and get something from somewhere
550,revolutionary,/???v??lu??n??i/,adj,???????a significant change in something
454,rewrite,/ri?ra?t/,verb,"???????to write something again, usually to improve it or correct errors"
528,rhetoric,/?r?t.?r.?k/,noun,???????the study of public speaking or writing techniques
466,rhythm,/???e.?m/,noun,???????a pattern of sound and beats in music
926,ridiculous,/???d?kj?l?s/,adj,"???????something that deserves laughter, is foolish or funny"
327,ritual,/?r?t?.u.?l/,noun,???????performed as part of a formal ceremony
50,robot,/?ro?.b?t/,noun,???????a mechanical creature that acts like a human
885,rope,/?o?p/,noun,???????a thick string made by twisting many fibers together
596,rotate,/?ro?.te?t/,verb,???????to move or turn around a central point
238,rotation,/?o??te???n/,noun,???????movement in a circle around a central point
908,rub,/??b/,verb,???????to move something back and forth along a surface
594,ruler,/??u?l?(?)/,noun,???????someone who has control over a country or area
382,scatter,/?sk?t.?r/,verb,???????to make things separate and go in different directions
250,scenario,/s??n??r.i?o?/,noun,???????an outline; an imagined sequence of events in a plan or project
511,scholarship,/sk¨»l????p/,noun,???????money given to a student to pay for education
911,scripture,/?sk??pt??/,noun,???????the holy books of a particular religion
939,scroll,/sk?o?l/,noun,???????a long rolled piece of paper with writing on it; (v.) to move up and down a computer screen
727,secrete,/s??k?i?t/,verb,???????to produce a liquid
535,sediment,/?s?d.?.m?nt/,noun,???????the material that settles to the bottom of a liquid
322,selective,/s??l?kt?v/,adj,???????choosing through thoughtful comparison
12,semantic,/s??m?n.t?k/,adj,???????the different meanings of words
901,semester,/s??m?s.t?/,noun,???????half a year in school or college
924,semi,/?s?mi/,prefix,???????a prefix meaning 'half'
800,seminar,/?s?m.??n¨»r/,noun,???????a small class at a college or university
685,sensation,/s?n?se???n/,noun,"???????a feeling that is experienced by the body, usually through the sense of touch"
793,sensible,/?s?ns.?.b?l/,adj,???????having the ability to judge something reasonably
69,sensitivity,/?s?n.s??t?v.?.ti/,noun,???????being sensitive; in physiology: the ability of an organism or part of an organism to react to stimuli; in electronics: the ability of a radio device to react to incoming signals
397,sensory,/?s?n.s?.ri/,adj,"???????referring to the five senses (hearing, sight, smell, taste and touch)"
395,separately,/s?p??tli/,adv,???????not with another person or thing
192,separation,/?s?p.??re?.??n/,noun,???????a line that seperates; a point of parting; a gap
641,sexuality,/s?k?u??l?ti/,noun,???????characterized and distinguished by sex
675,shallow,/???l.o?/,adj,???????not deep; a small distance between the lowest and highest point
648,shortly,/???rt.li/,adv,???????quickly; soon
932,shuttle,/??t.?l/,noun,???????a vehicle that carries passengers or items between two places
70,similarity,/s??m?l?r?ti/,noun,???????the degree to which people or things are the same
367,simplify,/s?mpl?f?a?/,verb,"???????to make something easier to do, use or understand"
342,simulate,/?s?m.j??le?t/,verb,"???????to look, feel, or behave like something; to copy"
43,simulation,/?s?m.j??le?.??n/,noun,???????a copy; a method that is used to study and analyze the characteristics of the real world
235,simultaneously,/?s?ml?te?n??sli/,adv,???????at the same time as
119,sin,/s?n/,noun,???????a bad act; (v.) to do something bad
272,singular,/?s??.gj?.l?r/,adj,???????one
459,sketch,/sk?t?/,noun,???????a drawing made quickly that lacks detail
861,skip,/sk?p/,verb,???????to not do; to jump
838,slab,/sl?b/,noun,"???????a thick, flat slice of something"
925,slash,/sl??/,verb,???????to cut violently
635,slavery,/?sle?.v?.ri/,noun,???????the state of being a slave
772,slot,/sl¨»t/,noun,"???????a long narrow opening, into which you put or fit something"
826,snake,/sne?k/,noun,???????an animal with with a long thin body and no arms or legs
954,sneeze,/sni?z/,verb,???????to loudly blow air out of your nose or mouth in a sudden uncontrolled way
955,sniff,/sn?f/,verb,???????to smell by short intakes of air.
882,socialize,/?so?.???la?z/,verb,???????to teach people to behave in a way which is acceptable in their culture; to spend time with people
505,socially,/?so?.??.l?/,adv,???????being with other people
512,sodium,/?so?.di.?m/,noun,"???????a soft, white chemical element"
737,soluble,/?s?l.j?.b?l/,adj,"???????can be mixed with a liquid, e.g. salt is soluble in water"
849,solute,/?so?.lut/,noun,"???????a substance that has dissolved in a solvent and become part of the liquid, so that they form a solution"
836,solvent,/?s?l.v?nt/,noun,???????something that dissolves or can melt another substance
889,sometime,/?s?m?ta?m/,adv,???????at an unknown time in the future
501,sophisticate,/s??f?st?ke?t/,verb,???????to make more complex or refined
277,span,/sp?n/,noun,???????the amount of time something lasts
38,spatial,/?spe?.??l/,adj,???????about space
881,specialty,/sp???lti/,noun,???????the specific area of one's field
169,specification,/?sp?s.?.f??ke?.??n/,noun,???????a detailed description of the design and materials used to make something.
289,specimen,/?sp?s.?.m?n/,noun,"???????an example of something, especially of a plant or an animal; a small amount of blood or urine"
75,spectrum,/?sp?k.tr?m/,noun,???????the wavelengths of colors from red to violet
164,sperm,/sp?rm/,noun,???????male sex cell
166,sphere,/sf??r/,noun,???????a round 3D object. e.g. a ball
806,splice,/spla?s/,noun,???????The act of connecting two pieces of rope or wire into one
940,sponsorship,/?sp?n.s?r.??p/,noun,???????money given to a student to pay for education
401,spontaneous,/sp?n?te?.ni.?s/,adj,"???????something that happens on its own, seemingly without cause"
840,spray,/spre?/,verb,???????to make water or liquid fly in very small drops
604,stabilize,/?ste?.b??la?z/,verb,"???????to make something stable or consistent, with no major changes"
521,stack,/st?k/,verb,???????to put one thing on top of another e.g. books
956,stadium,/?ste?.di.?m/,noun,???????a sports arena
603,stance,/st?ns/,noun,???????a position or opinion that is stated to the public
495,standardize,/?st?n.d?r?da?z/,verb,???????to change something in order to make everything the same or make everything agree
390,static,/?st?t.?k/,adj,???????being unchangeable or unmovable
51,statistical,/st??t?s.t?.k?l/,adj,???????about numbers that represents information
341,statistically,/st??t?s.t?.k?.li/,adv,???????with respect to statistics
853,statistics,/st?t?st?ks/,noun,???????a type of mathematics that provide specific information or prove something
634,stereotype,/?st?.?i.??ta?p/,noun,"???????an idea or belief about what someone or something is like, often unfair or untrue"
27,stimulus,/st?my?l?s/,noun,???????something that makes a change.
393,straightforward,/?stre?t?f?r.w?rd/,adj,???????easy to do or understand; not complicated
474,strand,/str?nd/,noun,???????something that is plaited or twisted as a rope-like length
456,strategic,/str?tid??k/,adj,???????concerned with strategy
315,strictly,/str?ktli/,adv,???????restricted to something
834,stripe,/stra?p/,noun,"???????a long, thin part of something which is a different color from the parts beside it"
790,sub,/s?b/,prefix,???????a prefix meaning 'under' or 'instead of'
426,subjective,/s?b?d??kt?v/,adj,"???????the use of personal feelings and opinions, rather than facts"
85,subset,/?s?b?s?t/,noun,???????a small set that is part of a larger set
151,substitution,/?s?bst??tju???n/,noun,???????a person or thing acting or serving in place of another; (v.) to put (a person or thing) in the place of another.
392,substrate,/?s?b.stre?t/,noun,???????a substance which a catalyst or enzyme has an effect on
555,subtle,/?s?t.l/,adj,"???????difficult to notice, understand, or see"
804,subtract,/s?btr?kt/,verb,"???????to take away, e.g. 20 - 5 = 15"
194,sufficiently,/s??f??.?nt/,adv,???????enough
371,suicide,/?su.??sa?d/,noun,???????the act of purposely killing yourself because you no longer wish to live
812,super,/?sup?/,adj,???????of the highest quality
269,superior,/sup?ri?/,noun,???????better; higher quality
783,supposedly,/s??po?.z?d.li/,adv,???????based on what many people have said or believe to be true
830,surgeon,/?s?d??n/,noun,???????a doctor who performs surgery
531,surgical,/?s?r.d??.k?l/,adj,???????concerning surgery
709,surplus,/s?p.l?s/,adj,???????extra; more than is needed
560,susceptible,/s??s?p.t?.b?l/,adj,???????at risk of developing a certain illness or problem
686,sustainable,/s??ste?n?b?l/,adj,???????capable of continuing for a long time at the same level; does not damage the environment
891,swap,/sw?p/,verb,???????to trade or exchange
785,swell,/sw?l/,verb,"???????to become larger than normal, often because of injury"
863,sword,/so?d/,noun,???????a long metal weapon with a sharp point and edge
101,syllable,/?s?l.?.b?l/,noun,???????a unit of speech
896,syllabus,/?s?l?b?s/,noun,???????the teaching schedule for a course in a school or university
309,symbolic,/s?m?b?l.?k/,adj,???????representing a larger quality
122,syndrome,/?s?n.dro?m/,noun,???????a group of signs and symptoms that accompany a disease
86,syntactic,/s?n?t?k.t?k/,adj,???????grammatical
190,syntax,/?s?n.t?ks/,noun,"???????the study of a system, such as the system of words in a sentence"
143,synthesis,/?s?n.¦È?.s?s/,noun,???????building something complex from simple parts
677,synthetic,/s?n?¦È?t.?k/,adj,???????not natural; made from artificial materials
141,systematic,/?s?s.t??m?t.?k/,adj,???????having a system or plan
948,tech,/t?k/,noun,???????short for technology or technician
819,technically,/?t?k.n??k?l.i/,adv,???????in an exact and particular manner
63,temporal,/?t?m.p?r.?l/,adj,???????concerning time
776,tempt,/t?mpt/,verb,"???????to make someone want something, even if it's bad"
336,tense,/t?ns/,adj,???????stretched tight and stiff
346,terminal,/?t?r.m?.nl/,noun,???????the end of something
541,terminology,/?t?r.m??n?l.?.d?i/,noun,???????specific words and expressions used in a particular field
936,terribly,/?t??.?.bli/,adv,???????in an extreme manner; badly
584,textbook,/?t?kst?b?k/,noun,???????a book that is used to study
31,theorem,/?¦È??r.?m/,noun,???????a statement that can be proved
516,theorist,/?¦Èi.?r.?st/,noun,???????a person who forms new ideas
189,thereby,/e??.ba?/,adv,???????by that means; because of that
437,thermal,/?¦È?r.m?l/,adj,???????with reference to some source of heat
118,thesis,/?¦Èi.s?s/,noun,???????a long essay; a position taken in an argument supported by a set of reasons
415,thickness,/?¦È?kn?s/,noun,???????the distance between the opposite edges of something; how thick something is
718,thread,/¦È??d/,noun,"???????a long, very thin, soft material used to join or make cloth"
121,threshold,/?¦Èr??.o?ld/,noun,???????a level or point at which something would start or stop happening
854,thumb,/¦È?m/,noun,"???????the short, thick finger on the side of your hand"
439,tolerance,/?t?l.?r.?ns/,noun,"???????a willingness to let people do, say or believe what they wish, without judging or challenging them"
679,ton,/t?n/,noun,???????a unit of weight equal to 907 kilograms
760,toxic,/?t¨»k.s?k/,adj,???????poisonous; harmful
424,tract,/tr?kt/,noun,???????a large stretch of land
544,traditionally,/tr?d???n?li/,adv,???????something done in a customary or traditional manner
97,trait,/tre?t/,noun,???????a characteristic
132,trajectory,/tr??d??k.t?.ri/,noun,???????the path followed by an object moving through space
661,trans,/tr?nz/,prefix,"???????a prefix meaning 'across', 'through' or 'changing thoroughly'"
304,transaction,/tr?n?s?k.??n/,noun,???????an exchange; in business this usually involves money
721,transcribe,/tr?n?skra?b/,verb,???????to write something spoken
337,transcription,/tr?n?skr?p.??n/,noun,???????something written
37,transformation,/?tr?ns.f?r?me?.??n/,noun,???????a change
40,translation,/tr?nzle???n/,noun,???????changing from one form to another. e.g. changing from one language to another
109,transmission,/tr?nsm???n/,noun,???????an electronic signal that has been sent by radio waves; a force that has been transferred from one machine to another
416,transmit,/tr?nzm?t/,verb,???????to broadcast by using electrical signals to a radio or TV
789,transparency,/tr?ns?p??r.?n.si/,noun,???????the amount you can see through something
646,transplant,/t??nz?pl?nt/,noun,???????a medical operation in which a new organ is placed inside a patient's body
622,trauma,/?tra?.m?/,noun,???????a very severe or upsetting experience
664,treaty,/?t?iti/,noun,???????an agreement between nations
825,tremendous,/tr?m?nd?s/,adj,"???????having great size, excellence, or power"
543,triangle,/?t?a????.¨À?l/,noun,???????a closed shape with three straight sides
723,tribe,/t?a?b/,noun,"???????a racial group united by language, religion and customs"
930,tricky,/?t??k.i/,adj,???????difficult to do or deal with; something that needs skill
602,trivial,/?tr?v.i.?l/,adj,???????unimportant
187,tropical,/tr¨»p?k?l/,adj,???????hot and humid; near to the equator
212,tumor,/?tu.m?r/,noun,???????a mass of abnormal cells that develops when cancerous cells divide and grow uncontrollably
533,turbulent,/?t?r.bj?.l?nt/,adj,???????moving violently and unevenly
811,tutor,/?tu.t?r/,noun,???????a teacher
467,ultimate,/??lt?m?t/,adj,"???????happening or coming at the end of process, final"
736,undergraduate,/??n.d?r?gr?d?.u.?t/,noun,???????a college student who is working toward his or her first degree
471,undermine,/??n.d?r?ma?n/,verb,???????to weaken or destroy something secretly and usually slowly
902,underneath,/??n.d?r?ni¦È/,adv,???????below or beneath something; under
759,unemployed,/??n?mpl??d/,adj,???????without a job
475,unify,/?ju.n??fa?/,verb,???????to join or bring together
937,unintelligible,/??n?n?t?l?d??b?l/,adj,???????cannot be understood
316,unity,/?ju.n?.ti/,noun,???????being in full agreement; whole
365,unstable,/?n?ste?b??/,adj,???????likely to move from its position or fall
856,uplift,/?p?l?ft/,verb,???????to make someone feel happier or more hopeful
623,upward,/??p.w?rd/,adv,???????moving toward a higher point or position
755,urine,/?j??r.?n/,noun,???????yellow liquid waste from the body
262,usage,/?ju.s?d?/,noun,???????the way something is used
201,utility,/ju?t?l.?.ti/,noun,"???????being useful; a public service such as gas, water, or electricity that is used by everyone"
310,utilize,/?jut.l?a?z/,verb,???????to use something practically for a particular purpose
127,utterance,/??t.?r.?ns/,noun,???????something that is said
753,vague,/ve?¨À/,adj,???????not clearly stated
195,valid,/?v?l.?d/,adj,???????sound; just; well-founded
239,validity,/v??l?d.?.ti/,noun,???????how true something is
433,valve,/v?lv/,noun,"???????a device along a pipe that can either open and allow something to flow, or close and block it"
220,variability,/?v??r.i.??b?l.?.ti/,noun,???????the fact that something is not always the same; in statistics: the degree to which scores in a frequency distribution depart from the central value
46,variance,/?v??r.i.?ns/,noun,???????the amount of difference; a statistic that measures the variability of a distribution.
176,variant,/?v??r.i.?nt/,noun,"???????differing, especially from something of the same general kind."
28,vector,/?v?k.t?r/,noun,???????a quantity that has both size and direction.
542,vegetation,/?v?d?.??te?.??n/,noun,???????plants
451,vein,/ve?n/,noun,???????one of the little tubes that return blood from the body to the heart
23,velocity,/v??l?s.?.ti/,noun,???????speed in a given direction
204,verbal,/v?b?l/,adj,???????concerning words
198,vertical,/?v?r.t?.k?l/,adj,???????a line going up/down; not horizontal
629,viable,/?va?.?.b?l/,adj,???????able to be done; possible
297,virtue,/?v?r.t?u/,noun,???????a good quality
690,vitamin,/va?t?m?n/,noun,???????a substance that is healthy for your body and can be found in foods or taken as a medicine
126,vocabulary,/vo??k?b.j??l?r.i/,noun,???????the words that a person knows
929,volition,/vo??l???n/,noun,???????the act of making a conscious choice
52,vowel,/?va?.?l/,noun,"???????a speech sound; a, e , i, o, u and sometimes y"
871,watershed,/?w?.t?r???d/,noun,"???????a period of time during which important, significant changes take place"
482,wavelength,/?we?v?l??¦È/,noun,???????the size of a wave; a shared understanding
794,weave,/wiv/,verb,???????to make something by crossing threads over and under each other
453,wheat,/wit/,noun,???????a kind of grain that is used to make flour for bread
606,whereby,/w??r?ba?/,adv,???????by which; by that thing
913,whichever,/w?t???v?/,det,???????whatever one
912,whoever,/hu?v?/,pron,???????whatever person; any person at all
291,widespread,/?wa?d?sp??d/,adj,???????happening or existing in many places; affecting many people
704,wisdom,/?w?zd?m/,noun,???????knowledge gained from experience in life
479,workshop,/?w?rk.??p/,noun,???????a brief intensive course for a small group; emphasizes problem solving
761,yeast,/jist/,noun,???????a single-celled fungi used to make bread and beer
track,958,59.89,98,
dance,959,59.89,97,
completely,960,59.89,97,
female,961,59.88,97,
responsibility,962,59.88,97,
original,963,59.84,96,
sister,964,59.84,96,
rock,965,59.84,96,
dream,966,59.84,96,
nor,967,59.82,96,
university,968,59.82,96,
easily,969,59.81,96,
agency,970,59.81,96,
dollar,971,59.8,96,
garden,972,59.79,95,
fix,973,59.79,95,
ahead,974,59.78,95,
cross,975,59.78,95,
yeah,976,59.77,95,
candidate,977,59.74,94,
weight,978,59.74,94,
legal,979,59.72,94,
proposal,980,59.71,94,
version,981,59.71,94,
conversation,982,59.71,93,
somebody,983,59.7,93,
pound,984,59.69,93,
magazine,985,59.69,93,
shape,986,59.69,93,
sea,987,59.68,93,
immediately,988,59.67,93,
welcome,989,59.67,93,
smile,990,59.67,93,
communication,991,59.67,93,
agent,992,59.65,92,
traditional,993,59.65,92,
replace,994,59.64,92,
judge,995,59.64,92,
herself,996,59.63,92,
suddenly,997,59.63,92,
generation,998,59.63,92,
estimate,999,59.63,92,
favorite,1000,59.62,92,
difficulty,1001,59.62,92,
purchase,1002,59.61,91,
shoot,1003,59.6,91,
announce,1004,59.6,91,
unless,1005,59.6,91,
independent,1006,59.59,91,
recommend,1007,59.58,91,
survey,1008,59.58,91,
majority,1009,59.58,91,
stick,1010,59.57,91,
request,1011,59.56,90,
rich,1012,59.54,90,
wind,1013,59.54,90,
none,1014,59.53,90,
exchange,1015,59.52,90,
budget,1016,59.51,89,
famous,1017,59.51,89,
blood,1018,59.51,89,
appropriate,1019,59.51,89,
block,1020,59.51,89,
warm,1021,59.5,89,
count,1022,59.5,89,
scene,1023,59.5,89,
writer,1024,59.49,89,
content,1025,59.49,89,
prevent,1026,59.48,89,
safe,1027,59.47,89,
invite,1028,59.47,88,
mix,1029,59.46,88,
element,1030,59.45,88,
effective,1031,59.45,88,
correct,1032,59.45,88,
medical,1033,59.43,88,
admit,1034,59.42,88,
beat,1035,59.42,87,
telephone,1036,59.42,87,
copy,1037,59.41,87,
committee,1038,59.4,87,
aware,1039,59.4,87,
advice,1040,59.4,87,
handle,1041,59.39,87,
glass,1042,59.39,87,
trial,1043,59.38,87,
stress,1044,59.38,87,
radio,1045,59.37,86,
administration,1046,59.36,86,
complex,1047,59.36,86,
text,1048,59.35,86,
context,1049,59.35,86,
ride,1050,59.34,86,
directly,1051,59.34,86,
heavy,1052,59.34,86,
remove,1053,59.33,86,
conduct,1054,59.33,86,
equipment,1055,59.33,86,
otherwise,1056,59.33,86,
title,1057,59.32,86,
extra,1058,59.31,85,
executive,1059,59.31,85,
chair,1060,59.31,85,
expensive,1061,59.31,85,
sample,1062,59.3,85,
sex,1063,59.3,85,
deliver,1064,59.29,85,
video,1065,59.29,85,
connection,1066,59.29,85,
primary,1067,59.28,85,
weather,1068,59.27,85,
collect,1069,59.27,84,
inform,1070,59.25,84,
principle,1071,59.25,84,
straight,1072,59.24,84,
appeal,1073,59.24,84,
highly,1074,59.24,84,
trust,1075,59.24,84,
wonderful,1076,59.23,84,
flat,1077,59.23,84,
absolutely,1078,59.22,84,
flow,1079,59.22,84,
fair,1080,59.22,84,
additional,1081,59.21,83,
responsible,1082,59.21,83,
farm,1083,59.2,83,
collection,1084,59.2,83,
hang,1085,59.19,83,
negative,1086,59.18,83,
band,1087,59.18,83,
relative,1088,59.17,83,
tour,1089,59.17,83,
alternative,1090,59.17,83,
software,1091,59.17,83,
pair,1092,59.16,82,
ship,1093,59.16,82,
attitude,1094,59.14,82,
cheap,1095,59.14,82,
double,1096,59.14,82,
leg,1097,59.13,82,
observe,1098,59.13,82,
sentence,1099,59.13,82,
print,1100,59.12,82,
progress,1101,59.12,82,
truth,1102,59.11,82,
nobody,1103,59.11,82,
examine,1104,59.1,81,
lay,1105,59.1,81,
speed,1106,59.09,81,
politics,1107,59.09,81,
reply,1108,59.08,81,
display,1109,59.08,81,
transfer,1110,59.08,81,
perfect,1111,59.07,81,
slightly,1112,59.07,81,
overall,1113,59.07,81,
intend,1114,59.06,80,
user,1115,59.05,80,
respond,1116,59.05,80,
dinner,1117,59.04,80,
slow,1118,59.04,80,
regular,1119,59.04,80,
physical,1120,59.04,80,
apart,1121,59.02,80,
suit,1122,59.01,80,
federal,1123,59.01,80,
reveal,1124,59.01,80,
percentage,1125,59,79,
peace,1126,58.99,79,
status,1127,58.99,79,
crime,1128,58.98,79,
decline,1129,58.97,79,
decade,1130,58.97,79,
launch,1131,58.97,79,
warn,1132,58.96,79,
consumer,1133,58.96,79,
favor,1134,58.96,79,
dry,1135,58.95,78,
partner,1136,58.95,78,
institution,1137,58.95,78,
spot,1138,58.94,78,
horse,1139,58.94,78,
eventually,1140,58.93,78,
heat,1141,58.93,78,
excite,1142,58.92,78,
reader,1143,58.92,78,
importance,1144,58.91,78,
distance,1145,58.9,78,
guide,1146,58.9,78,
grant,1147,58.9,78,
taxi,1148,58.89,77,
feed,1149,58.89,77,
pain,1150,58.89,77,
sector,1151,58.87,77,
mistake,1152,58.87,77,
ensure,1153,58.86,77,
satisfy,1154,58.85,77,
chief,1155,58.85,77,
cool,1156,58.85,77,
expert,1157,58.84,77,
wave,1158,58.84,77,
south,1159,58.84,77,
labor,1160,58.83,76,
surface,1161,58.83,76,
library,1162,58.82,76,
excellent,1163,58.81,76,
edge,1164,58.81,76,
camp,1165,58.81,76,
audience,1166,58.8,76,
lift,1167,58.8,76,
procedure,1168,58.79,76,
email,1169,58.79,76,
global,1170,58.79,76,
struggle,1171,58.79,76,
advertise,1172,58.77,75,
select,1173,58.76,75,
surround,1174,58.75,75,
extent,1175,58.74,75,
river,1176,58.73,75,
annual,1177,58.73,75,
fully,1178,58.73,75,
contrast,1179,58.72,75,
roll,1180,58.71,74,
reality,1181,58.71,74,
photograph,1182,58.7,74,
artist,1183,58.69,74,
conflict,1184,58.69,74,
entire,1185,58.69,74,
presence,1186,58.69,74,
crowd,1187,58.69,74,
corner,1188,58.69,74,
gas,1189,58.69,74,
shift,1190,58.68,74,
net,1191,58.68,74,
category,1192,58.68,74,
secretary,1193,58.68,74,
defense,1194,58.68,74,
quick,1195,58.67,74,
cook,1196,58.67,74,
spread,1197,58.66,73,
nuclear,1198,58.66,73,
scale,1199,58.66,73,
driver,1200,58.66,73,
ball,1201,58.65,73,
cry,1202,58.64,73,
introduction,1203,58.63,73,
requirement,1204,58.63,73,
north,1205,58.62,73,
confirm,1206,58.62,73,
senior,1207,58.6,72,
photo,1208,58.59,72,
refuse,1209,58.59,72,
transport,1210,58.58,72,
emerge,1211,58.58,72,
map,1212,58.58,72,
concept,1213,58.58,72,
island,1214,58.57,72,
reform,1215,58.57,72,
neither,1216,58.57,72,
football,1217,58.56,72,
survive,1218,58.56,72,
flight,1219,58.55,72,
left,1220,58.55,72,
solve,1221,58.54,72,
neighbor,1222,58.54,72,
background,1223,58.54,71,
technique,1224,58.54,71,
traffic,1225,58.54,71,
improvement,1226,58.53,71,
tool,1227,58.52,71,
consequence,1228,58.52,71,
circumstance,1229,58.52,71,
smoke,1230,58.52,71,
reaction,1231,58.52,71,
rain,1232,58.52,71,
busy,1233,58.51,71,
lesson,1234,58.51,71,
brain,1235,58.5,71,
mass,1236,58.5,71,
funny,1237,58.49,71,
contribute,1238,58.49,71,
failure,1239,58.49,71,
schedule,1240,58.48,71,
speaker,1241,58.48,70,
bottom,1242,58.47,70,
adopt,1243,58.47,70,
combine,1244,58.47,70,
mountain,1245,58.46,70,
waste,1246,58.46,70,
hide,1247,58.45,70,
marriage,1248,58.45,70,
ticket,1249,58.45,70,
meal,1250,58.45,70,
colleague,1251,58.45,70,
bag,1252,58.45,70,
repeat,1253,58.44,70,
equal,1254,58.43,70,
expression,1255,58.43,70,
plus,1256,58.43,70,
extremely,1257,58.43,70,
owner,1258,58.42,70,
plane,1259,58.42,69,
commercial,1260,58.41,69,
lady,1261,58.39,69,
duty,1262,58.38,69,
strength,1263,58.37,69,
connect,1264,58.36,69,
cultural,1265,58.36,69,
arrange,1266,58.35,68,
scheme,1267,58.35,68,
payment,1268,58.34,68,
unfortunately,1269,58.34,68,
brief,1270,58.34,68,
bird,1271,58.33,68,
demonstrate,1272,58.33,68,
contribution,1273,58.33,68,
appreciate,1274,58.32,68,
chapter,1275,58.32,68,
secret,1276,58.32,68,
apparently,1277,58.32,68,
novel,1278,58.32,68,
union,1279,58.31,68,
burn,1280,58.31,68,
trend,1281,58.31,68,
initial,1282,58.31,68,
pleasure,1283,58.3,68,
suggestion,1284,58.3,68,
critical,1285,58.29,67,
gather,1286,58.29,67,
mostly,1287,58.29,67,
earth,1288,58.29,67,
pop,1289,58.28,67,
essential,1290,58.27,67,
desire,1291,58.27,67,
promote,1292,58.27,67,
currently,1293,58.27,67,
employ,1294,58.26,67,
path,1295,58.26,67,
topic,1296,58.26,67,
beach,1297,58.25,67,
attract,1298,58.25,67,
engage,1299,58.25,67,
powerful,1300,58.24,67,
flower,1301,58.24,67,
crisis,1302,58.24,67,
settle,1303,58.23,67,
boat,1304,58.23,66,
aid,1305,58.23,66,
fan,1306,58.23,66,
kitchen,1307,58.23,66,
twice,1308,58.22,66,
fresh,1309,58.22,66,
delay,1310,58.22,66,
safety,1311,58.22,66,
engineer,1312,58.22,66,
quiet,1313,58.21,66,
insurance,1314,58.21,66,
nurse,1315,58.21,66,
divide,1316,58.2,66,
length,1317,58.2,66,
investigation,1318,58.19,66,
package,1319,58.19,66,
somewhere,1320,58.19,66,
expand,1321,58.18,66,
commit,1322,58.18,66,
obvious,1323,58.18,66,
jump,1324,58.16,65,
weapon,1325,58.16,65,
relatively,1326,58.15,65,
host,1327,58.15,65,
winter,1328,58.15,65,
district,1329,58.15,65,
broad,1330,58.14,65,
tire,1331,58.12,65,
spring,1332,58.11,65,
spirit,1333,58.09,64,
lunch,1334,58.09,64,
actual,1335,58.08,64,
pool,1336,58.08,64,
battle,1337,58.08,64,
tradition,1338,58.08,64,
cash,1339,58.07,64,
hardly,1340,58.06,64,
award,1341,58.06,64,
coach,1342,58.06,64,
experiment,1343,58.06,64,
consideration,1344,58.06,64,
strange,1345,58.06,64,
code,1346,58.06,64,
possibly,1347,58.04,64,
threat,1348,58.04,64,
accident,1349,58.04,64,
impossible,1350,58.04,64,
revenue,1351,58.04,64,
enable,1352,58.04,64,
afraid,1353,58.03,63,
active,1354,58.03,63,
conclude,1355,58.02,63,
religious,1356,58.01,63,
cancer,1357,58.01,63,
convince,1358,58.01,63,
vary,1359,58.01,63,
environmental,1360,58,63,
sun,1361,58,63,
healthy,1362,57.99,63,
blow,1363,57.98,63,
volume,1364,57.97,63,
location,1365,57.97,63,
invest,1366,57.97,63,
proceed,1367,57.97,63,
wash,1368,57.97,63,
actor,1369,57.96,63,
glad,1370,57.96,63,
tape,1371,57.96,62,
whereas,1372,57.96,62,
opposite,1373,57.95,62,
stone,1374,57.95,62,
sum,1375,57.95,62,
murder,1376,57.95,62,
monitor,1377,57.94,62,
soldier,1378,57.94,62,
finance,1379,57.94,62,
hate,1380,57.93,62,
egg,1381,57.93,62,
concert,1382,57.92,62,
shock,1383,57.92,62,
comfortable,1384,57.92,62,
usual,1385,57.92,62,
carefully,1386,57.91,62,
pack,1387,57.91,62,
recall,1388,57.91,62,
wine,1389,57.9,62,
camera,1390,57.9,62,
swim,1391,57.9,62,
manufacture,1392,57.9,62,
theater,1393,57.89,61,
cycle,1394,57.88,61,
coffee,1395,57.87,61,
totally,1396,57.87,61,
museum,1397,57.87,61,
visitor,1398,57.87,61,
freedom,1399,57.86,61,
construction,1400,57.86,61,
dear,1401,57.86,61,
objective,1402,57.84,61,
moreover,1403,57.84,61,
onto,1404,57.84,61,
historical,1405,57.83,61,
oppose,1406,57.83,61,
branch,1407,57.82,61,
vehicle,1408,57.82,61,
scientist,1409,57.82,60,
route,1410,57.81,60,
bind,1411,57.8,60,
belong,1412,57.8,60,
taste,1413,57.8,60,
tonight,1414,57.79,60,
fashion,1415,57.79,60,
danger,1416,57.79,60,
bomb,1417,57.79,60,
army,1418,57.79,60,
dangerous,1419,57.77,60,
decrease,1420,57.76,60,
hurt,1421,57.76,60,
council,1422,57.75,60,
editor,1423,57.74,59,
normally,1424,57.74,59,
sight,1425,57.74,59,
generate,1426,57.73,59,
gift,1427,57.73,59,
delivery,1428,57.72,59,
deny,1429,57.72,59,
guest,1430,57.72,59,
anybody,1431,57.71,59,
bedroom,1432,57.71,59,
quote,1433,57.71,59,
climb,1434,57.7,59,
basically,1435,57.7,59,
violence,1436,57.69,59,
minister,1437,57.69,59,
mainly,1438,57.68,59,
mouth,1439,57.68,59,
noise,1440,57.68,59,
manner,1441,57.67,59,
gun,1442,57.67,58,
square,1443,57.67,58,
occasion,1444,57.65,58,
familiar,1445,57.64,58,
ignore,1446,57.64,58,
destroy,1447,57.64,58,
affair,1448,57.63,58,
civil,1449,57.62,58,
locate,1450,57.62,58,
citizen,1451,57.62,58,
temperature,1452,57.61,58,
gold,1453,57.61,58,
domestic,1454,57.57,57,
load,1455,57.57,57,
belief,1456,57.57,57,
troop,1457,57.57,57,
technical,1458,57.56,57,
remind,1459,57.56,57,
arrangement,1460,57.56,57,
skin,1461,57.55,57,
prison,1462,57.55,57,
switch,1463,57.55,57,
acquire,1464,57.54,57,
corporate,1465,57.53,57,
fairly,1466,57.53,57,
wood,1467,57.53,57,
participate,1468,57.53,57,
tough,1469,57.53,57,
tear,1470,57.52,57,
representative,1471,57.52,57,
capacity,1472,57.52,57,
border,1473,57.51,56,
shake,1474,57.51,56,
assessment,1475,57.51,56,
shoe,1476,57.51,56,
ought,1477,57.5,56,
ad,1478,57.5,56,
fee,1479,57.49,56,
hall,1480,57.49,56,
regulation,1481,57.48,56,
escape,1482,57.48,56,
studio,1483,57.48,56,
proper,1484,57.47,56,
relax,1485,57.47,56,
tourist,1486,57.47,56,
component,1487,57.47,56,
afford,1488,57.46,56,
lawyer,1489,57.46,56,
suspect,1490,57.45,56,
cup,1491,57.45,56,
description,1492,57.45,56,
confidence,1493,57.44,55,
industrial,1494,57.42,55,
complain,1495,57.42,55,
perspective,1496,57.42,55,
error,1497,57.42,55,
arrest,1498,57.42,55,
assess,1499,57.41,55,
register,1500,57.4,55,
asset,1501,57.4,55,
signal,1502,57.39,55,
finger,1503,57.38,55,
relevant,1504,57.38,55,
explore,1505,57.37,55,
leadership,1506,57.37,55,
commitment,1507,57.36,54,
wake,1508,57.36,54,
necessarily,1509,57.35,54,
bright,1510,57.34,54,
frame,1511,57.34,54,
slowly,1512,57.34,54,
bond,1513,57.34,54,
hire,1514,57.34,54,
hole,1515,57.33,54,
tie,1516,57.33,54,
internal,1517,57.33,54,
chain,1518,57.32,54,
literature,1519,57.29,54,
victim,1520,57.29,54,
threaten,1521,57.28,53,
division,1522,57.28,53,
secure,1523,57.27,53,
amaze,1524,57.27,53,
device,1525,57.26,53,
birth,1526,57.26,53,
forest,1527,57.26,53,
label,1528,57.26,53,
root,1529,57.26,53,
factory,1530,57.25,53,
expense,1531,57.25,53,
channel,1532,57.25,53,
investigate,1533,57.25,53,
recommendation,1534,57.24,53,
rank,1535,57.23,53,
typical,1536,57.23,53,
west,1537,57.23,53,
friendly,1538,57.23,53,
resident,1539,57.23,53,
provision,1540,57.23,53,
concentrate,1541,57.22,53,
plenty,1542,57.22,53,
export,1543,57.21,53,
entirely,1544,57.21,53,
strongly,1545,57.21,53,
bridge,1546,57.2,53,
consist,1547,57.2,52,
graduate,1548,57.2,52,
brand,1549,57.19,52,
moral,1550,57.18,52,
insist,1551,57.17,52,
combination,1552,57.17,52,
abuse,1553,57.17,52,
ice,1554,57.16,52,
principal,1555,57.16,52,
master,1556,57.16,52,
definitely,1557,57.16,52,
session,1558,57.16,52,
grade,1559,57.16,52,
nevertheless,1560,57.16,52,
predict,1561,57.15,52,
previously,1562,57.14,52,
protection,1563,57.14,52,
largely,1564,57.14,52,
wed,1565,57.13,52,
rent,1566,57.13,52,
shot,1567,57.12,52,
appearance,1568,57.12,52,
reasonable,1569,57.12,52,
guarantee,1570,57.12,52,
till,1571,57.12,52,
theme,1572,57.11,51,
judgment,1573,57.11,51,
odd,1574,57.11,51,
approve,1575,57.1,51,
loan,1576,57.1,51,
definition,1577,57.1,51,
elect,1578,57.09,51,
atmosphere,1579,57.08,51,
farmer,1580,57.08,51,
comparison,1581,57.07,51,
characteristic,1582,57.07,51,
license,1583,57.07,51,
rely,1584,57.07,51,
narrow,1585,57.07,51,
succeed,1586,57.06,51,
identity,1587,57.06,51,
desk,1588,57.05,51,
permit,1589,57.04,51,
seriously,1590,57.04,51,
wild,1591,57.03,51,
empty,1592,57.03,50,
commission,1593,57.02,50,
unique,1594,57.02,50,
association,1595,57.01,50,
instrument,1596,57.01,50,
investor,1597,57.01,50,
practical,1598,57.01,50,
tea,1599,57,50,
lovely,1600,56.99,50,
soft,1601,56.99,50,
row,1602,56.99,50,
youth,1603,56.99,50,
lock,1604,56.98,50,
fuel,1605,56.98,50,
expectation,1606,56.98,50,
employment,1607,56.98,50,
celebrate,1608,56.97,50,
sexual,1609,56.97,50,
shoulder,1610,56.96,50,
breath,1611,56.96,50,
increasingly,1612,56.96,50,
import,1613,56.95,50,
bottle,1614,56.95,50,
ourselves,1615,56.95,49,
sheet,1616,56.94,49,
engine,1617,56.94,49,
cast,1618,56.93,49,
notion,1619,56.93,49,
conservative,1620,56.93,49,
journey,1621,56.92,49,
opposition,1622,56.92,49,
relief,1623,56.92,49,
debt,1624,56.92,49,
honor,1625,56.91,49,
outcome,1626,56.89,49,
blame,1627,56.89,49,
explanation,1628,56.89,49,
arise,1629,56.89,49,
musical,1630,56.88,49,
recover,1631,56.87,49,
dad,1632,56.87,49,
stretch,1633,56.87,49,
declare,1634,56.86,49,
retire,1635,56.86,48,
tiny,1636,56.85,48,
careful,1637,56.84,48,
suitable,1638,56.84,48,
native,1639,56.84,48,
fruit,1640,56.84,48,
analyze,1641,56.83,48,
witness,1642,56.83,48,
mail,1643,56.83,48,
terrible,1644,56.83,48,
researcher,1645,56.82,48,
ordinary,1646,56.8,48,
selection,1647,56.78,48,
anywhere,1648,56.78,48,
mental,1649,56.78,48,
participant,1650,56.77,48,
vision,1651,56.76,47,
personality,1652,56.76,47,
specifically,1653,56.76,47,
fat,1654,56.75,47,
entry,1655,56.75,47,
fellow,1656,56.75,47,
chemical,1657,56.75,47,
capture,1658,56.75,47,
tip,1659,56.74,47,
discount,1660,56.74,47,
peak,1661,56.74,47,
chairman,1662,56.73,47,
proportion,1663,56.73,47,
ear,1664,56.72,47,
disappear,1665,56.71,47,
shout,1666,56.71,47,
yard,1667,56.71,47,
constant,1668,56.71,47,
significantly,1669,56.69,47,
hill,1670,56.67,46,
considerable,1671,56.67,46,
instruction,1672,56.67,46,
intelligence,1673,56.67,46,
ideal,1674,56.66,46,
folk,1675,56.66,46,
surely,1676,56.66,46,
guard,1677,56.66,46,
cat,1678,56.65,46,
somewhat,1679,56.65,46,
kiss,1680,56.64,46,
presentation,1681,56.64,46,
joint,1682,56.64,46,
compete,1683,56.64,46,
poll,1684,56.64,46,
weak,1685,56.63,46,
faith,1686,56.63,46,
reduction,1687,56.62,46,
reserve,1688,56.61,46,
complaint,1689,56.61,46,
bore,1690,56.6,46,
mission,1691,56.6,46,
somehow,1692,56.59,46,
tone,1693,56.59,46,
neighborhood,1694,56.59,46,
passenger,1695,56.59,46,
justice,1696,56.58,46,
phase,1697,56.58,46,
thin,1698,56.58,46,
rush,1699,56.58,45,
formal,1700,56.57,45,
religion,1701,56.57,45,
employer,1702,56.57,45,
reject,1703,56.56,45,
latter,1704,56.56,45,
plate,1705,56.56,45,
ban,1706,56.55,45,
steal,1707,56.55,45,
protest,1708,56.55,45,
index,1709,56.55,45,
sad,1710,56.54,45,
frequently,1711,56.54,45,
circle,1712,56.54,45,
helpful,1713,56.53,45,
command,1714,56.53,45,
attractive,1715,56.52,45,
sick,1716,56.52,45,
impression,1717,56.51,45,
unable,1718,56.51,45,
joke,1719,56.51,45,
sky,1720,56.51,45,
column,1721,56.51,45,
electronic,1722,56.51,45,
impose,1723,56.5,45,
criminal,1724,56.49,45,
besides,1725,56.47,44,
properly,1726,56.46,44,
ancient,1727,56.46,44,
coast,1728,56.45,44,
ill,1729,56.45,44,
kick,1730,56.45,44,
closely,1731,56.45,44,
multiple,1732,56.45,44,
yield,1733,56.44,44,
via,1734,56.44,44,
legislation,1735,56.44,44,
county,1736,56.43,44,
unlike,1737,56.42,44,
mobile,1738,56.42,44,
assistant,1739,56.42,44,
implement,1740,56.41,44,
chart,1741,56.41,44,
attach,1742,56.4,44,
hell,1743,56.4,44,
everywhere,1744,56.39,44,
advise,1745,56.39,44,
household,1746,56.39,44,
acknowledge,1747,56.39,44,
reward,1748,56.38,43,
east,1749,56.38,43,
hat,1750,56.38,43,
academic,1751,56.37,43,
voter,1752,56.37,43,
meanwhile,1753,56.36,43,
furthermore,1754,56.36,43,
accuse,1755,56.36,43,
scientific,1756,56.35,43,
wage,1757,56.35,43,
absence,1758,56.35,43,
construct,1759,56.33,43,
remark,1760,56.33,43,
medicine,1761,56.33,43,
professor,1762,56.33,43,
rare,1763,56.33,43,
intention,1764,56.33,43,
dozen,1765,56.32,43,
settlement,1766,56.32,43,
gap,1767,56.32,43,
widely,1768,56.3,43,
minimum,1769,56.3,43,
northern,1770,56.3,43,
estate,1771,56.3,43,
equally,1772,56.29,43,
expose,1773,56.29,43,
alive,1774,56.29,43,
shut,1775,56.28,42,
victory,1776,56.27,42,
resolve,1777,56.27,42,
critic,1778,56.27,42,
variable,1779,56.26,42,
enormous,1780,56.26,42,
sweet,1781,56.26,42,
permanent,1782,56.25,42,
emotion,1783,56.25,42,
pursue,1784,56.25,42,
tall,1785,56.24,42,
urge,1786,56.24,42,
enemy,1787,56.24,42,
appoint,1788,56.23,42,
milk,1789,56.23,42,
talent,1790,56.23,42,
smell,1791,56.22,42,
prior,1792,56.22,42,
priority,1793,56.22,42,
online,1794,56.22,42,
phrase,1795,56.19,42,
pilot,1796,56.19,42,
stable,1797,56.19,42,
merely,1798,56.18,42,
resolution,1799,56.18,42,
communicate,1800,56.18,42,
injury,1801,56.17,41,
vast,1802,56.17,41,
exhibition,1803,56.17,41,
producer,1804,56.17,41,
regional,1805,56.17,41,
immediate,1806,56.16,41,
incident,1807,56.16,41,
childhood,1808,56.16,41,
draft,1809,56.16,41,
slip,1810,56.16,41,
accompany,1811,56.16,41,
politician,1812,56.15,41,
angry,1813,56.15,41,
knock,1814,56.15,41,
seed,1815,56.15,41,
salary,1816,56.15,41,
illustrate,1817,56.13,41,
imply,1818,56.13,41,
breakfast,1819,56.13,41,
temporary,1820,56.12,41,
liberal,1821,56.12,41,
lake,1822,56.11,41,
qualify,1823,56.11,41,
competitive,1824,56.1,41,
truly,1825,56.09,41,
hi,1826,56.08,41,
yellow,1827,56.08,41,
habit,1828,56.08,41,
disk,1829,56.08,41,
core,1830,56.08,41,
emotional,1831,56.08,41,
aircraft,1832,56.07,40,
self,1833,56.07,40,
metal,1834,56.07,40,
existence,1835,56.07,40,
bone,1836,56.06,40,
panel,1837,56.05,40,
prime,1838,56.05,40,
appointment,1839,56.04,40,
emphasize,1840,56.03,40,
maximum,1841,56.03,40,
effectively,1842,56.02,40,
elsewhere,1843,56.01,40,
bother,1844,56.01,40,
initiative,1845,56.01,40,
sharp,1846,56.01,40,
diet,1847,56,40,
motion,1848,56,40,
gray,1849,56,40,
plastic,1850,56,40,
complicate,1851,55.99,40,
discipline,1852,55.99,40,
disappoint,1853,55.99,40,
boss,1854,55.98,40,
assumption,1855,55.98,40,
freeze,1856,55.98,40,
extreme,1857,55.98,40,
passage,1858,55.98,40,
reputation,1859,55.98,40,
forth,1860,55.98,40,
negotiation,1861,55.97,40,
mechanism,1862,55.96,39,
coat,1863,55.96,39,
democracy,1864,55.96,39,
pocket,1865,55.96,39,
lucky,1866,55.96,39,
crash,1867,55.96,39,
observation,1868,55.96,39,
meat,1869,55.95,39,
concentration,1870,55.95,39,
implication,1871,55.95,39,
deserve,1872,55.94,39,
unusual,1873,55.94,39,
defend,1874,55.94,39,
classic,1875,55.93,39,
king,1876,55.93,39,
interaction,1877,55.92,39,
repair,1878,55.92,39,
collapse,1879,55.92,39,
borrow,1880,55.92,39,
fundamental,1881,55.9,39,
dish,1882,55.89,39,
abroad,1883,55.89,39,
soul,1884,55.89,39,
capable,1885,55.88,39,
defeat,1886,55.88,39,
presidential,1887,55.87,39,
perfectly,1888,55.87,39,
enhance,1889,55.87,39,
proud,1890,55.87,39,
emergency,1891,55.87,39,
educational,1892,55.87,39,
distinguish,1893,55.86,39,
substantial,1894,55.86,39,
nearby,1895,55.85,38,
manufacturer,1896,55.85,38,
slide,1897,55.85,38,
valuable,1898,55.85,38,
personally,1899,55.85,38,
breast,1900,55.85,38,
cope,1901,55.83,38,
approximately,1902,55.83,38,
accommodation,1903,55.83,38,
highlight,1904,55.83,38,
reporter,1905,55.83,38,
climate,1906,55.83,38,
shirt,1907,55.82,38,
exception,1908,55.82,38,
corporation,1909,55.82,38,
chip,1910,55.81,38,
winner,1911,55.81,38,
encounter,1912,55.81,38,
brown,1913,55.81,38,
breathe,1914,55.81,38,
excuse,1915,55.8,38,
partly,1916,55.8,38,
tennis,1917,55.79,38,
urban,1918,55.79,38,
confuse,1919,55.79,38,
southern,1920,55.79,38,
output,1921,55.79,38,
beauty,1922,55.79,38,
massive,1923,55.79,38,
install,1924,55.78,38,
calculate,1925,55.78,38,
mouse,1926,55.78,38,
mathematics,1927,55.77,38,
upper,1928,55.77,38,
creation,1929,55.76,38,
occupy,1930,55.76,38,
outline,1931,55.76,38,
sufficient,1932,55.76,38,
update,1933,55.76,38,
luck,1934,55.75,38,
preserve,1935,55.75,38,
split,1936,55.75,38,
swing,1937,55.75,38,
illness,1938,55.75,38,
journalist,1939,55.75,38,
sudden,1940,55.75,38,
advertisement,1941,55.74,38,
consistent,1942,55.74,38,
originally,1943,55.73,37,
aside,1944,55.73,37,
comfort,1945,55.71,37,
secondly,1946,55.71,37,
severe,1947,55.7,37,
gene,1948,55.7,37,
prospect,1949,55.7,37,
snow,1950,55.7,37,
plot,1951,55.7,37,
neck,1952,55.69,37,
criteria,1953,55.67,37,
primarily,1954,55.67,37,
integrate,1955,55.67,37,
criticism,1956,55.66,37,
convention,1957,55.66,37,
bet,1958,55.66,37,
retain,1959,55.66,37,
sequence,1960,55.66,37,
plain,1961,55.65,37,
volunteer,1962,55.64,37,
rural,1963,55.64,37,
calm,1964,55.64,37,
abandon,1965,55.64,37,
examination,1966,55.64,37,
silence,1967,55.64,37,
rapidly,1968,55.63,37,
efficient,1969,55.62,37,
revolution,1970,55.62,36,
delight,1971,55.62,36,
spell,1972,55.61,36,
premise,1973,55.61,36,
lean,1974,55.6,36,
dramatic,1975,55.6,36,
differ,1976,55.59,36,
grateful,1977,55.59,36,
protein,1978,55.59,36,
bike,1979,55.59,36,
distribute,1980,55.58,36,
intellectual,1981,55.58,36,
derive,1982,55.58,36,
crucial,1983,55.58,36,
unemployment,1984,55.57,36,
wheel,1985,55.57,36,
crop,1986,55.57,36,
minority,1987,55.57,36,
origin,1988,55.57,36,
interpretation,1989,55.57,36,
gentleman,1990,55.56,36,
drama,1991,55.56,36,
landscape,1992,55.56,36,
educate,1993,55.56,36,
toy,1994,55.55,36,
fault,1995,55.55,36,
exhibit,1996,55.55,36,
minor,1997,55.54,36,
hunt,1998,55.53,36,
storm,1999,55.53,36,
thick,2000,55.53,36,
achievement,2001,55.53,36,
negotiate,2002,55.53,36,
dominate,2003,55.52,36,
supplier,2004,55.51,36,
prize,2005,55.51,36,
typically,2006,55.51,36,
peer,2007,55.51,36,
pension,2008,55.51,36,
wing,2009,55.51,36,
acquisition,2010,55.51,36,
laughter,2011,55.5,36,
deeply,2012,55.5,36,
recognition,2013,55.5,35,
electricity,2014,55.5,35,
assistance,2015,55.5,35,
roof,2016,55.5,35,
retirement,2017,55.5,35,
respectively,2018,55.49,35,
variation,2019,55.49,35,
ultimately,2020,55.49,35,
proof,2021,55.48,35,
soil,2022,55.48,35,
smart,2023,55.48,35,
layer,2024,55.48,35,
upset,2025,55.48,35,
tooth,2026,55.47,35,
representation,2027,55.47,35,
preparation,2028,55.47,35,
dispute,2029,55.47,35,
agenda,2030,55.46,35,
emphasis,2031,55.46,35,
edition,2032,55.46,35,
silver,2033,55.46,35,
entertainment,2034,55.46,35,
honest,2035,55.46,35,
undertake,2036,55.44,35,
retail,2037,55.44,35,
wire,2038,55.44,35,
unlikely,2039,55.44,35,
gay,2040,55.43,35,
publication,2041,55.43,35,
slight,2042,55.43,35,
unknown,2043,55.43,35,
framework,2044,55.42,35,
zone,2045,55.42,35,
restrict,2046,55.42,35,
trace,2047,55.41,35,
inch,2048,55.41,35,
equivalent,2049,55.41,35,
solid,2050,55.39,35,
enterprise,2051,55.39,35,
elderly,2052,55.39,35,
owe,2053,55.39,35,
governor,2054,55.38,35,
uniform,2055,55.38,35,
port,2056,55.37,34,
pitch,2057,55.37,34,
arrival,2058,55.37,34,
contemporary,2059,55.36,34,
gate,2060,55.36,34,
ease,2061,55.36,34,
beer,2062,55.36,34,
specialist,2063,55.35,34,
assure,2064,55.35,34,
profile,2065,55.35,34,
mood,2066,55.34,34,
episode,2067,55.34,34,
crack,2068,55.33,34,
numerous,2069,55.33,34,
submit,2070,55.32,34,
symptom,2071,55.32,34,
virtually,2072,55.31,34,
era,2073,55.31,34,
coverage,2074,55.3,34,
tension,2075,55.3,34,
cable,2076,55.29,34,
sensitive,2077,55.29,34,
nervous,2078,55.29,34,
input,2079,55.29,34,
isolate,2080,55.28,34,
prisoner,2081,55.27,34,
eliminate,2082,55.27,34,
tight,2083,55.27,34,
wet,2084,55.27,34,
secondary,2085,55.26,34,
welfare,2086,55.26,34,
recruit,2087,55.26,34,
exclude,2088,55.25,34,
string,2089,55.25,33,
cloud,2090,55.25,33,
persuade,2091,55.25,33,
inspire,2092,55.24,33,
grand,2093,55.24,33,
hence,2094,55.24,33,
crew,2095,55.23,33,
phenomenon,2096,55.23,33,
pupil,2097,55.23,33,
FALSE,2098,55.23,33,
assist,2099,55.22,33,
restore,2100,55.22,33,
formula,2101,55.21,33,
alter,2102,55.21,33,
perceive,2103,55.2,33,
routine,2104,55.2,33,
sink,2105,55.19,33,
stare,2106,55.19,33,
anymore,2107,55.19,33,
hero,2108,55.18,33,
supporter,2109,55.18,33,
convert,2110,55.18,33,
steady,2111,55.18,33,
meter,2112,55.17,33,
truck,2113,55.17,33,
nose,2114,55.17,33,
beside,2115,55.17,33,
sail,2116,55.17,33,
disaster,2117,55.17,33,
pace,2118,55.17,33,
heavily,2119,55.17,33,
devote,2120,55.16,33,
terrorist,2121,55.16,33,
justify,2122,55.16,33,
vital,2123,55.16,33,
fascinate,2124,55.16,33,
external,2125,55.15,33,
spare,2126,55.15,33,
whenever,2127,55.15,33,
depression,2128,55.14,33,
guilty,2129,55.14,33,
underlie,2130,55.14,33,
mom,2131,55.14,33,
distinction,2132,55.14,33,
satisfaction,2133,55.14,33,
incorporate,2134,55.14,33,
pour,2135,55.14,33,
sweep,2136,55.13,33,
obligation,2137,55.13,33,
sir,2138,55.12,33,
evaluate,2139,55.11,32,
anger,2140,55.1,32,
pub,2141,55.1,32,
perception,2142,55.1,32,
naturally,2143,55.09,32,
currency,2144,55.09,32,
database,2145,55.09,32,
initially,2146,55.09,32,
territory,2147,55.08,32,
stream,2148,55.08,32,
rarely,2149,55.08,32,
height,2150,55.07,32,
apparent,2151,55.07,32,
western,2152,55.07,32,
expansion,2153,55.06,32,
constantly,2154,55.06,32,
muscle,2155,55.06,32,
scare,2156,55.06,32,
badly,2157,55.05,32,
everyday,2158,55.05,32,
boundary,2159,55.05,32,
ratio,2160,55.05,32,
essay,2161,55.05,32,
scream,2162,55.04,32,
withdraw,2163,55.03,32,
pollution,2164,55.03,32,
disorder,2165,55.03,32,
furniture,2166,55.02,32,
symbol,2167,55.01,32,
apartment,2168,55.01,32,
demonstration,2169,55.01,32,
analyst,2170,55,32,
platform,2171,54.99,32,
steel,2172,54.99,32,
cake,2173,54.99,32,
transform,2174,54.99,32,
wound,2175,54.98,31,
restriction,2176,54.98,31,
foundation,2177,54.98,31,
designer,2178,54.98,31,
strain,2179,54.98,31,
innovation,2180,54.97,31,
album,2181,54.97,31,
singer,2182,54.97,31,
trail,2183,54.96,31,
trap,2184,54.96,31,
loose,2185,54.96,31,
extension,2186,54.95,31,
wealth,2187,54.95,31,
gradually,2188,54.95,31,
tank,2189,54.95,31,
evil,2190,54.94,31,
remarkable,2191,54.94,31,
tune,2192,54.94,31,
grass,2193,54.94,31,
invitation,2194,54.94,31,
transition,2195,54.94,31,
frighten,2196,54.93,31,
bid,2197,54.93,31,
breed,2198,54.93,31,
extraordinary,2199,54.93,31,
brilliant,2200,54.93,31,
adviser,2201,54.93,31,
stem,2202,54.93,31,
reverse,2203,54.92,31,
mode,2204,54.92,31,
mirror,2205,54.92,31,
awful,2206,54.92,31,
pose,2207,54.92,31,
adjust,2208,54.92,31,
creative,2209,54.91,31,
nowadays,2210,54.91,31,
poem,2211,54.91,31,
agricultural,2212,54.91,31,
competitor,2213,54.91,31,
alcohol,2214,54.91,31,
festival,2215,54.9,31,
vegetable,2216,54.9,31,
van,2217,54.9,31,
confident,2218,54.9,31,
planet,2219,54.88,31,
curve,2220,54.88,31,
knee,2221,54.88,31,
overcome,2222,54.88,31,
web,2223,54.87,31,
depth,2224,54.87,31,
entrance,2225,54.86,31,
log,2226,54.86,31,
giant,2227,54.86,31,
god,2228,54.85,31,
portion,2229,54.85,31,
substance,2230,54.85,31,
extensive,2231,54.85,31,
interpret,2232,54.84,30,
independence,2233,54.83,30,
sugar,2234,54.83,30,
inner,2235,54.83,30,
harm,2236,54.82,30,
consult,2237,54.82,30,
pink,2238,54.81,30,
shadow,2239,54.81,30,
strip,2240,54.81,30,
smooth,2241,54.81,30,
intervention,2242,54.81,30,
impress,2243,54.81,30,
exam,2244,54.81,30,
vice,2245,54.81,30,
radical,2246,54.8,30,
similarly,2247,54.8,30,
behave,2248,54.8,30,
loud,2249,54.8,30,
dimension,2250,54.8,30,
subsequent,2251,54.79,30,
infection,2252,54.79,30,
jacket,2253,54.78,30,
efficiency,2254,54.78,30,
dirty,2255,54.78,30,
statistic,2256,54.78,30,
regularly,2257,54.78,30,
resort,2258,54.78,30,
iron,2259,54.77,30,
broadcast,2260,54.77,30,
membership,2261,54.77,30,
bread,2262,54.77,30,
blind,2263,54.77,30,
pure,2264,54.76,30,
bloody,2265,54.76,30,
ally,2266,54.76,30,
quantity,2267,54.76,30,
bend,2268,54.76,30,
mature,2269,54.75,30,
briefly,2270,54.75,30,
alarm,2271,54.75,30,
disturb,2272,54.74,30,
sustain,2273,54.74,30,
flood,2274,54.74,30,
poverty,2275,54.73,30,
crazy,2276,54.73,30,
cite,2277,54.73,30,
newly,2278,54.72,30,
parallel,2279,54.72,30,
gender,2280,54.72,30,
sponsor,2281,54.72,30,
boot,2282,54.71,30,
accurate,2283,54.7,30,
dealer,2284,54.69,29,
button,2285,54.69,29,
burden,2286,54.69,29,
desert,2287,54.69,29,
mate,2288,54.69,29,
occasionally,2289,54.68,29,
shareholder,2290,54.68,29,
bowl,2291,54.67,29,
discovery,2292,54.67,29,
resistance,2293,54.67,29,
bath,2294,54.66,29,
frequency,2295,54.66,29,
criticize,2296,54.66,29,
tap,2297,54.65,29,
philosophy,2298,54.65,29,
lip,2299,54.64,29,
attribute,2300,54.64,29,
apologize,2301,54.64,29,
approval,2302,54.63,29,
grab,2303,54.63,29,
entitle,2304,54.63,29,
lend,2305,54.63,29,
involvement,2306,54.63,29,
exposure,2307,54.63,29,
conventional,2308,54.62,29,
digital,2309,54.62,29,
translate,2310,54.61,29,
edit,2311,54.6,29,
formation,2312,54.6,29,
deposit,2313,54.6,29,
pleasant,2314,54.58,29,
overseas,2315,54.58,29,
advocate,2316,54.58,29,
establishment,2317,54.57,29,
summary,2318,54.56,29,
rough,2319,54.56,29,
pen,2320,54.55,29,
recovery,2321,54.55,28,
seal,2322,54.55,28,
tube,2323,54.55,28,
tower,2324,54.54,28,
characterize,2325,54.54,28,
specify,2326,54.53,28,
exact,2327,54.52,28,
spin,2328,54.52,28,
operator,2329,54.51,28,
infant,2330,54.51,28,
dig,2331,54.5,28,
drag,2332,54.5,28,
mount,2333,54.5,28,
wrap,2334,54.5,28,
anticipate,2335,54.5,28,
dependent,2336,54.5,28,
specialize,2337,54.5,28,
angle,2338,54.49,28,
chicken,2339,54.49,28,
anxiety,2340,54.49,28,
virus,2341,54.48,28,
precisely,2342,54.48,28,
rival,2343,54.48,28,
offense,2344,54.48,28,
detect,2345,54.48,28,
teenager,2346,54.47,28,
admire,2347,54.47,28,
moderate,2348,54.46,28,
surgery,2349,54.46,28,
musician,2350,54.46,28,
significance,2351,54.46,28,
shower,2352,54.45,28,
illegal,2353,54.45,28,
charity,2354,54.44,28,
universal,2355,54.44,28,
cigarette,2356,54.44,28,
constitute,2357,54.44,28,
adequate,2358,54.44,28,
consultant,2359,54.44,28,
historian,2360,54.44,28,
cousin,2361,54.43,28,
visual,2362,54.43,28,
stupid,2363,54.43,28,
keen,2364,54.42,28,
ethnic,2365,54.41,28,
twin,2366,54.41,28,
clinical,2367,54.41,28,
eastern,2368,54.4,28,
forecast,2369,54.4,28,
segment,2370,54.4,28,
custom,2371,54.4,28,
adapt,2372,54.4,28,
sand,2373,54.39,28,
cap,2374,54.39,27,
prompt,2375,54.38,27,
charm,2376,54.38,27,
react,2377,54.38,27,
lecture,2378,54.37,27,
venture,2379,54.37,27,
compound,2380,54.37,27,
rescue,2381,54.37,27,
mess,2382,54.36,27,
preference,2383,54.36,27,
comprehensive,2384,54.35,27,
incentive,2385,54.35,27,
league,2386,54.33,27,
dialog,2387,54.33,27,
cream,2388,54.33,27,
rapid,2389,54.32,27,
cancel,2390,54.32,27,
regret,2391,54.32,27,
dismiss,2392,54.32,27,
margin,2393,54.32,27,
beneath,2394,54.32,27,
opponent,2395,54.31,27,
resist,2396,54.3,27,
capability,2397,54.3,27,
absolute,2398,54.3,27,
correspond,2399,54.3,27,
stroke,2400,54.3,27,
dare,2401,54.3,27,
barrier,2402,54.3,27,
rid,2403,54.29,27,
divorce,2404,54.27,27,
ruin,2405,54.26,27,
bury,2406,54.26,27,
counsel,2407,54.26,27,
tendency,2408,54.26,27,
frequent,2409,54.26,27,
motor,2410,54.25,27,
survival,2411,54.25,27,
counter,2412,54.25,27,
possess,2413,54.25,27,
permission,2414,54.24,27,
valley,2415,54.24,27,
float,2416,54.24,27,
mad,2417,54.24,27,
greatly,2418,54.23,27,
visible,2419,54.23,26,
electric,2420,54.23,26,
impressive,2421,54.22,26,
evolution,2422,54.21,26,
awareness,2423,54.21,26,
violent,2424,54.21,26,
slave,2425,54.21,26,
wealthy,2426,54.21,26,
architecture,2427,54.21,26,
acceptable,2428,54.21,26,
journal,2429,54.21,26,
coal,2430,54.21,26,
measurement,2431,54.21,26,
random,2432,54.21,26,
successfully,2433,54.19,26,
depress,2434,54.19,26,
illustration,2435,54.18,26,
burst,2436,54.18,26,
privilege,2437,54.18,26,
buyer,2438,54.18,26,
mutual,2439,54.18,26,
rail,2440,54.17,26,
motivate,2441,54.16,26,
laboratory,2442,54.15,26,
mortgage,2443,54.15,26,
promotion,2444,54.14,26,
passion,2445,54.14,26,
champion,2446,54.13,26,
fulfill,2447,54.13,26,
dust,2448,54.13,26,
dedicate,2449,54.12,26,
roughly,2450,54.12,26,
skirt,2451,54.12,26,
province,2452,54.12,26,
march,2453,54.11,26,
evaluation,2454,54.11,26,
compromise,2455,54.11,26,
accomplish,2456,54.11,26,
weakness,2457,54.11,26,
announcement,2458,54.11,26,
salt,2459,54.11,26,
glance,2460,54.1,26,
opera,2461,54.1,26,
contest,2462,54.1,26,
brush,2463,54.1,26,
embarrass,2464,54.09,26,
gallery,2465,54.09,26,
genetic,2466,54.09,26,
aggressive,2467,54.09,26,
chest,2468,54.09,26,
format,2469,54.08,26,
literary,2470,54.08,26,
govern,2471,54.08,26,
embrace,2472,54.06,25,
praise,2473,54.05,25,
silent,2474,54.05,25,
pump,2475,54.04,25,
publisher,2476,54.04,25,
celebration,2477,54.04,25,
golf,2478,54.04,25,
compensation,2479,54.04,25,
classical,2480,54.04,25,
weigh,2481,54.03,25,
versus,2482,54.03,25,
deficit,2483,54.02,25,
modify,2484,54.02,25,
flash,2485,54.02,25,
friendship,2486,54.02,25,
profession,2487,54.01,25,
literally,2488,54.01,25,
equation,2489,54.01,25,
gesture,2490,54.01,25,
entertain,2491,54,25,
fantastic,2492,54,25,
assign,2493,54,25,
inflation,2494,54,25,
historic,2495,54,25,
injure,2496,53.98,25,
remote,2497,53.98,25,
therapy,2498,53.97,25,
orange,2499,53.97,25,
twist,2500,53.97,25,
personnel,2501,53.97,25,
imagination,2502,53.96,25,
disagree,2503,53.96,25,
throat,2504,53.95,25,
insight,2505,53.94,25,
tackle,2506,53.94,25,
forever,2507,53.93,25,
exceed,2508,53.93,25,
expenditure,2509,53.93,25,
joy,2510,53.92,25,
pregnant,2511,53.91,25,
reliable,2512,53.91,25,
gear,2513,53.91,25,
click,2514,53.91,25,
poet,2515,53.91,25,
fortune,2516,53.91,25,
ceremony,2517,53.9,25,
pile,2518,53.9,25,
pig,2519,53.89,25,
mixture,2520,53.89,25,
automatically,2521,53.88,24,
scholar,2522,53.87,24,
psychological,2523,53.87,24,
dramatically,2524,53.87,24,
stake,2525,53.87,24,
creature,2526,53.87,24,
partnership,2527,53.87,24,
participation,2528,53.86,24,
clause,2529,53.86,24,
penalty,2530,53.86,24,
chamber,2531,53.86,24,
fancy,2532,53.86,24,
poetry,2533,53.86,24,
chat,2534,53.85,24,
clothing,2535,53.85,24,
evolve,2536,53.85,24,
sake,2537,53.85,24,
shelf,2538,53.84,24,
boost,2539,53.84,24,
tail,2540,53.83,24,
possession,2541,53.83,24,
abortion,2542,53.83,24,
curious,2543,53.83,24,
wooden,2544,53.82,24,
boom,2545,53.82,24,
tale,2546,53.82,24,
democratic,2547,53.81,24,
maintenance,2548,53.8,24,
consequently,2549,53.8,24,
pot,2550,53.8,24,
cow,2551,53.79,24,
strengthen,2552,53.79,24,
whilst,2553,53.79,24,
constraint,2554,53.79,24,
fold,2555,53.79,24,
bin,2556,53.79,24,
undergo,2557,53.79,24,
potentially,2558,53.78,24,
scope,2559,53.78,24,
pretend,2560,53.78,24,
diversity,2561,53.77,24,
allege,2562,53.77,24,
pride,2563,53.76,24,
intense,2564,53.76,24,
inquiry,2565,53.75,24,
resign,2566,53.75,24,
craft,2567,53.75,24,
strict,2568,53.75,24,
concrete,2569,53.74,24,
shell,2570,53.74,24,
damn,2571,53.72,24,
distinct,2572,53.72,24,
humor,2573,53.71,24,
limitation,2574,53.71,24,
indication,2575,53.71,23,
stability,2576,53.7,23,
wise,2577,53.7,23,
neglect,2578,53.7,23,
compose,2579,53.7,23,
jail,2580,53.7,23,
shelter,2581,53.69,23,
mere,2582,53.69,23,
carbon,2583,53.69,23,
regulate,2584,53.69,23,
cheese,2585,53.68,23,
trigger,2586,53.68,23,
pipe,2587,53.67,23,
destruction,2588,53.67,23,
guitar,2589,53.67,23,
flag,2590,53.67,23,
piano,2591,53.66,23,
magic,2592,53.66,23,
mystery,2593,53.66,23,
ski,2594,53.66,23,
whisper,2595,53.65,23,
rear,2596,53.65,23,
menu,2597,53.65,23,
species,2598,53.64,23,
moon,2599,53.64,23,
presumably,2600,53.64,23,
bless,2601,53.64,23,
airline,2602,53.64,23,
amendment,2603,53.63,23,
grandmother,2604,53.63,23,
jury,2605,53.62,23,
cooperation,2606,53.62,23,
civilian,2607,53.61,23,
composition,2608,53.61,23,
coin,2609,53.6,23,
regardless,2610,53.6,23,
scan,2611,53.59,23,
bunch,2612,53.59,23,
racial,2613,53.58,23,
greet,2614,53.58,23,
hopefully,2615,53.58,23,
sanction,2616,53.58,23,
trick,2617,53.58,23,
paragraph,2618,53.58,23,
maker,2619,53.57,23,
chocolate,2620,53.56,23,
stimulate,2621,53.56,23,
belt,2622,53.56,23,
potato,2623,53.55,23,
narrative,2624,53.55,23,
tissue,2625,53.55,23,
barely,2626,53.54,23,
invent,2627,53.54,23,
tourism,2628,53.54,23,
pro,2629,53.53,23,
stair,2630,53.53,23,
hesitate,2631,53.52,23,
shine,2632,53.52,23,
motivation,2633,53.52,23,
romantic,2634,53.51,22,
firmly,2635,53.51,22,
interior,2636,53.51,22,
stomach,2637,53.51,22,
nowhere,2638,53.5,22,
pray,2639,53.49,22,
championship,2640,53.48,22,
servant,2641,53.48,22,
immigrant,2642,53.48,22,
excess,2643,53.48,22,
complexity,2644,53.47,22,
liability,2645,53.47,22,
surprisingly,2646,53.46,22,
extract,2647,53.46,22,
implementation,2648,53.45,22,
bias,2649,53.44,22,
differently,2650,53.44,22,
catalog,2651,53.43,22,
continuous,2652,53.43,22,
golden,2653,53.42,22,
stamp,2654,53.42,22,
guideline,2655,53.41,22,
envelope,2656,53.41,22,
knife,2657,53.41,22,
biological,2658,53.4,22,
consume,2659,53.4,22,
luxury,2660,53.39,22,
weekly,2661,53.39,22,
wherever,2662,53.39,22,
bite,2663,53.38,22,
printer,2664,53.38,22,
firstly,2665,53.38,22,
anxious,2666,53.38,22,
adventure,2667,53.38,22,
fence,2668,53.37,22,
exhaust,2669,53.36,22,
attraction,2670,53.36,22,
ocean,2671,53.36,22,
quietly,2672,53.36,22,
castle,2673,53.36,22,
veteran,2674,53.35,22,
reflection,2675,53.35,22,
nerve,2676,53.35,22,
determination,2677,53.34,22,
altogether,2678,53.34,22,
fiction,2679,53.33,22,
carpet,2680,53.31,21,
cluster,2681,53.31,21,
confusion,2682,53.29,21,
hurry,2683,53.29,21,
logic,2684,53.29,21,
controversial,2685,53.28,21,
raw,2686,53.28,21,
grammar,2687,53.26,21,
revise,2688,53.26,21,
hint,2689,53.26,21,
hook,2690,53.25,21,
bell,2691,53.25,21,
liquid,2692,53.24,21,
panic,2693,53.24,21,
uncle,2694,53.23,21,
rice,2695,53.22,21,
slope,2696,53.22,21,
happiness,2697,53.21,21,
genuine,2698,53.21,21,
vessel,2699,53.2,21,
verb,2700,53.2,21,
reckon,2701,53.19,21,
silly,2702,53.18,21,
transportation,2703,53.18,21,
harbor,2704,53.18,21,
comedy,2705,53.17,21,
chase,2706,53.17,21,
storage,2707,53.16,21,
universe,2708,53.16,21,
horrible,2709,53.16,21,
sheep,2710,53.16,21,
lover,2711,53.16,21,
rat,2712,53.15,21,
portrait,2713,53.15,21,
innocent,2714,53.15,21,
substitute,2715,53.14,21,
supplement,2716,53.14,21,
adjustment,2717,53.13,21,
reasonably,2718,53.13,21,
filter,2719,53.13,21,
flexible,2720,53.13,21,
abstract,2721,53.12,21,
tent,2722,53.11,20,
precise,2723,53.11,20,
distant,2724,53.1,20,
stranger,2725,53.1,20,
shade,2726,53.09,20,
grain,2727,53.07,20,
situate,2728,53.07,20,
summarize,2729,53.07,20,
leap,2730,53.07,20,
snap,2731,53.06,20,
probability,2732,53.06,20,
leather,2733,53.05,20,
uncertainty,2734,53.04,20,
swear,2735,53.04,20,
refugee,2736,53.03,20,
shore,2737,53.02,20,
monthly,2738,52.99,20,
comprise,2739,52.98,20,
stir,2740,52.98,20,
excitement,2741,52.96,20,
sigh,2742,52.95,20,
pregnancy,2743,52.95,20,
experimental,2744,52.95,20,
institutional,2745,52.94,20,
slice,2746,52.94,20,
wander,2747,52.94,20,
empire,2748,52.93,20,
subsequently,2749,52.93,20,
gentle,2750,52.91,20,
attendance,2751,52.9,19,
ownership,2752,52.89,19,
qualification,2753,52.89,19,
suspend,2754,52.88,19,
functional,2755,52.87,19,
voluntary,2756,52.86,19,
pale,2757,52.86,19,
stain,2758,52.86,19,
athlete,2759,52.85,19,
organic,2760,52.85,19,
tongue,2761,52.85,19,
server,2762,52.82,19,
structural,2763,52.82,19,
website,2764,52.82,19,
fool,2765,52.81,19,
alongside,2766,52.81,19,
unite,2767,52.8,19,
gently,2768,52.79,19,
compute,2769,52.78,19,
wipe,2770,52.76,19,
weird,2771,52.75,19,
gaze,2772,52.74,19,
fade,2773,52.73,19,
cough,2774,52.73,19,
hypothesis,2775,52.71,19,
royal,2776,52.69,19,
theoretical,2777,52.67,19,
curtain,2778,52.67,18,
mayor,2779,52.55,18,
darkness,2780,52.49,18,
aunt,2781,52.45,18,
tournament,2782,52.4,17,
registration,2783,52.38,17,
fragment,2784,52.38,17,
listener,2785,52.32,17,
immigration,2786,52.28,17,
tender,2787,52.12,16,
density,2788,52.05,16,
ugly,2789,52,16,
module,2790,51.85,15,
faithfully,2791,51.79,15,
autumn,2792,51.75,15,
cheek,2793,51.73,15,
attachment,2794,51.69,15,
holder,2795,51.58,14,
solar,2796,51.47,14,
grin,2797,50.96,12,
rose,2798,50.8,12,
noun,2799,50.41,11,
fortunate,2800,50.37,11,
alright,2801,50.32,11,
lazy,2802,50.05,10,
hello,2803,49.89,10,
hunger,2804,49.7,9,
insure,2805,49.65,9,
ashamed,2806,49.28,8,
found,2807,48.26,7,
blog,2808,48.19,7,
thirst,2809,44.79,3,
